fcode,issue_date,pred_date,year,Forecast_horizon,hmean_cases,hsd_cases,pred_cases,pred_cases_95lb,pred_cases_95ub,obs_dengue_cases,pop_total,risk_value_absoulte,risk_prob_absoulte,risk_value_max_absolute,risk_value_z,risk_prob_z,risk_value_max_z,high_risk_threshold,medium_risk_threshold,low_risk_threshold,outbreak_risk_prob,high_risk_prob,medium_risk_prob,low_risk_prob
ED_AN_GIANG_AN_PHU_DISTRICT,2025-10-01,2025-11-01,2025,1 month,20.771,9.98275135082775,92.337,28,203,NA,148259,44.7552,0.6993,64,1.89245948805821,0.4813,87,59.4329207918011,45.1640603959006,30.8952,0.7392,0.1253,0.0997,0.0358
ED_AN_GIANG_CHAU_DOC_CITY,2025-10-01,2025-11-01,2025,1 month,11.0584,5.9397405239411905,38.7040378827811,11.8794719139464,87.0044166680207,NA,101612,19.2502,0.6638,29,2.05993120208002,0.542,34,23.1968388040925,17.1971194020463,11.1974,0.7831,0.1127,0.0804,0.0238
ED_AN_GIANG_CHAU_PHU_DISTRICT,2025-10-01,2025-11-01,2025,1 month,39.4863,16.82340973231949,86.4077778047868,26.3962228870606,190,NA,206321,41.688,0.6948,60,0.220954687621251,0.183,123,149.6762177877,116.01950889385,82.3628,0.0881,0.122,0.2495,0.5404
ED_AN_GIANG_CHAU_THANH_DISTRICT,2025-10-01,2025-11-01,2025,1 month,25.2756,9.520656958996742,39.9989900543328,10,125.206833041717,NA,151069,16.7048,0.5966,28,0.278888575551993,0.1092,73,65.4793288667387,51.9022644333693,38.3252,0.1369,0.0844,0.1547,0.624
ED_AN_GIANG_CHO_MOI_DISTRICT,2025-10-01,2025-11-01,2025,1 month,75.8609,34.394814311392224,96.8082464522834,28.5168366772799,226.120332099901,NA,307715,47.127,0.683,69,0.00575553913024463,0.0063,323,431.322742058177,331.616821029088,231.9109,8e-4,0.0043,0.0177,0.9772
ED_AN_GIANG_LONG_XUYEN_CITY,2025-10-01,2025-11-01,2025,1 month,28.1247,12.403271101745794,66.8908,21,150,NA,272838,33.1209,0.7047,47,0.104731107027026,0.1146,106,140.465741262075,108.732720631037,76.9997,0.0333,0.0699,0.2121,0.6847
ED_AN_GIANG_PHU_TAN_DISTRICT,2025-10-01,2025-11-01,2025,1 month,25.7398,11.98654511051323,69.5623,22,150,NA,188532,34.6749,0.6799,51,0.46179625543302,0.3305,79,92.1346127349679,70.3429063674839,48.5512,0.2092,0.2091,0.2882,0.2935
ED_AN_GIANG_TAN_CHAU_TOWN,2025-10-01,2025-11-01,2025,1 month,19.475,9.559022569868173,72.0931960559092,13,284.720375726542,NA,140901,22.7262,0.4638,49,1.20242108149837,0.1346,144,53.5728972815041,40.530448640752,27.488,0.4176,0.1326,0.2015,0.2483
ED_AN_GIANG_THOAI_SON_DISTRICT,2025-10-01,2025-11-01,2025,1 month,17.9276,9.306439664120871,66.457623563353,19,172.015866991717,NA,163251,29.6648,0.6742,44,1.03787997250351,0.356,70,57.1704617053462,43.1551308526731,29.1398,0.4736,0.2006,0.2059,0.1199
ED_AN_GIANG_TINH_BIEN_DISTRICT,2025-10-01,2025-11-01,2025,1 month,36.4816,23.57452517578512,79.9431681239319,18,201,NA,108390,36.2395,0.6589,55,0.63937420384942,0.3423,87,90.3419491158451,65.0477745579226,39.7536,0.3136,0.2224,0.2971,0.1669
ED_AN_GIANG_TRI_TON_DISTRICT,2025-10-01,2025-11-01,2025,1 month,11.5977,6.659991761183035,31.5964,8,76,NA,117377,14.9138,0.6779,22,0.983629760485713,0.5103,28,28.5455125300616,21.0158062650308,13.4861,0.4856,0.1923,0.2046,0.1175
ED_BAC_LIEU_BAC_LIEU_CITY,2025-10-01,2025-11-01,2025,1 month,4.7174,3.62734793000348,40.2638,12,93,NA,159470,19.807,0.683,29,2.80192364853423,0.5667,34,18.2122515203276,12.8500757601638,7.4879,0.9004,0.0724,0.0223,0.0049
ED_BAC_LIEU_DONG_HAI_DISTRICT,2025-10-01,2025-11-01,2025,1 month,12.5398,7.541863425599342,60.4054,17,154,NA,155713,27.8267,0.6787,41,1.37542264513,0.5139,51,43.1138170349801,31.45545851749,19.7971,0.6246,0.2043,0.1337,0.0374
ED_BAC_LIEU_GIA_RAI_TOWN,2025-10-01,2025-11-01,2025,1 month,7.0377,4.107379428124051,33.6945,9,79,NA,146410,15.9825,0.6393,25,1.78341396179966,0.568,28,21.5789482082104,15.9455241041052,10.3121,0.7215,0.1515,0.0879,0.0391
ED_BAC_LIEU_HONG_DAN_DISTRICT,2025-10-01,2025-11-01,2025,1 month,13.2511,13.239704595185527,9.3732,2,23,NA,114025,4.4436,0.7406,6,0.0175417812118201,0.0672,19,44.8181143218396,29.9712571609198,15.1244,6e-4,0.0067,0.1209,0.8718
ED_BAC_LIEU_PHUOC_LONG_DISTRICT,2025-10-01,2025-11-01,2025,1 month,4.2287,3.0739130118011495,19.9744540515323,5,49,NA,126624,9.1188,0.5364,17,1.66850322002468,0.5364,17,12.8409391740419,9.09591958702097,5.3509,0.7227,0.1317,0.1163,0.0293
ED_BAC_LIEU_VINH_LOI_DISTRICT,2025-10-01,2025-11-01,2025,1 month,5.9315,3.782438159949662,36.2094758529189,10,82,NA,222928,17.8332,0.6369,28,1.42060440066179,0.518,33,27.5979303562413,20.3222151781207,13.0465,0.6369,0.1655,0.1339,0.0637
ED_BEN_TRE_BA_TRI_DISTRICT,2025-10-01,2025-11-01,2025,1 month,4.9607,3.4009281293808784,77.9413029232604,20.7733280318091,179.013522664016,NA,186589,37.492,0.6695,56,5.57735801266156,0.6111,61,20.6054374529424,14.9374187264712,9.2694,0.9772,0.0152,0.0067,9e-4
ED_BEN_TRE_BEN_TRE_CITY,2025-10-01,2025-11-01,2025,1 month,3.9723,3.062853378319261,50.406732766669,13,119,NA,125750,22.8096,0.6912,33,5.3657002766938096,0.5986,38,12.3717692031615,8.69153460158076,5.0113,0.9798,0.0151,0.0042,9e-4
ED_BEN_TRE_BINH_DAI_DISTRICT,2025-10-01,2025-11-01,2025,1 month,2.9036,2.0485913971974172,66.4385,17,156,NA,138451,30.4464,0.6343,48,10.5554558847871,0.6343,48,9.32831645812606,6.68700822906303,4.0457,0.996,0.0029,7e-4,4e-4
ED_BEN_TRE_CHAU_THANH_DISTRICT,2025-10-01,2025-11-01,2025,1 month,6.128,4.20939281830407,47.379665599394,12.6413794639873,115.352587608885,NA,177323,21.021,0.6006,35,2.18103612299354,0.4409,45,24.7161683553946,17.8327841776973,10.9494,0.7961,0.1218,0.0694,0.0127
ED_BEN_TRE_CHO_LACH_DISTRICT,2025-10-01,2025-11-01,2025,1 month,4.9639,3.4117386749395986,34.1054241460499,9,80,NA,112217.5,16.1325,0.6453,25,3.48623726746869,0.5712,28,12.874941851489,9.18892092574452,5.5029,0.9321,0.0415,0.022,0.0044
ED_BEN_TRE_GIONG_TROM_DISTRICT,2025-10-01,2025-11-01,2025,1 month,2.8542,2.351615480799732,61.23,20,140,NA,171464,30.2148,0.6867,44,7.26726667701136,0.6867,44,12.3502782380868,8.66273911904341,4.9752,0.9965,0.003,4e-4,1e-4
ED_BEN_TRE_MO_CAY_DISTRICT,2025-10-01,2025-11-01,2025,1 month,8.8138,5.512419453998732,52.4381,13,127,NA,258763,23.6574,0.6066,39,0.966750756140192,0.3716,56,48.3248905572882,35.5668452786441,22.8088,0.4542,0.1965,0.2202,0.1291
ED_BEN_TRE_THANH_PHU_DISTRICT,2025-10-01,2025-11-01,2025,1 month,6.1901,4.363011067663897,43.8402,11,103,NA,128770,20.383,0.5995,34,2.79762852798577,0.4724,41,19.1842527039693,13.6220763519846,8.0599,0.866,0.0875,0.0383,0.0082
ED_CAN_THO_BINH_THUY_URBAN_DISTRICT,2025-10-01,2025-11-01,2025,1 month,14.705,6.064342719970774,80.5062,23,179,NA,150528,38.9824,0.6091,64,3.09782962539529,0.5311,71,38.9404870950576,30.5760935475288,22.2117,0.8689,0.0634,0.043,0.0247
ED_CAN_THO_CAI_RANG_URBAN_DISTRICT,2025-10-01,2025-11-01,2025,1 month,11.3404,4.85698330949231,31.7298151453175,9,71,NA,108071,15.2812,0.6644,23,1.60665730436357,0.4051,33,22.7430903601104,17.5261451800552,12.3092,0.667,0.1369,0.1185,0.0776
ED_CAN_THO_CO_DO_DISTRICT,2025-10-01,2025-11-01,2025,1 month,26.1899,9.610862336829394,51.0616012269712,14.4416170850644,134.100730075598,NA,222960,22.6752,0.7086,32,0.178458758877023,0.0975,94,97.3290614721499,77.7063807360749,58.0837,0.0856,0.0717,0.1321,0.7106
ED_CAN_THO_NINH_KIEU_URBAN_DISTRICT,2025-10-01,2025-11-01,2025,1 month,33.8949,13.477455923571673,111.6139,7,292,NA,294874,52.7868,0.6138,86,0.341388480440634,0.2116,160,174.399289341442,137.156494670721,99.9137,0.1648,0.1341,0.2153,0.4858
ED_CAN_THO_O_MON_URBAN_DISTRICT,2025-10-01,2025-11-01,2025,1 month,11.7052,5.476594952087193,33.3865,10,78,NA,129487,15.9292,0.5689,28,1.10769446444002,0.4098,34,29.1281180219925,22.1981090109963,15.2681,0.5163,0.1944,0.1801,0.1092
ED_CAN_THO_PHONG_DIEN_DISTRICT,2025-10-01,2025-11-01,2025,1 month,6.3262,3.570191617661254,31.0077,3,85,NA,97890,13.9728,0.5822,24,3.05503125129193,0.4681,29,13.2260695609892,9.74123478049458,6.2564,0.7918,0.0644,0.0501,0.0937
ED_CAN_THO_THOT_NOT_URBAN_DISTRICT,2025-10-01,2025-11-01,2025,1 month,26.7504,16.228660967056967,24.4494,6,58,NA,156484,10.9752,0.6456,17,0.0179601097599362,0.042,52,90.834601018824,66.136600509412,41.4386,0.0018,0.0105,0.0943,0.8934
ED_CAN_THO_VINH_THANH_DISTRICT,2025-10-01,2025-11-01,2025,1 month,26.9486,19.58206076362687,14.6153,3,42,NA,98582,6.454,0.6454,10,0.0210200943057254,0.0359,38,65.8244611702912,46.1533305851456,26.4822,0.0055,0.0121,0.083,0.8994
ED_CA_MAU_CAI_NUOC_DISTRICT,2025-10-01,2025-11-01,2025,1 month,17.6567,12.286152370209576,51.6042984095152,14,120.186783417467,NA,137648,24.2388,0.6733,36,0.666450711315317,0.4035,53,58.9718568755942,41.8273784377971,24.6829,0.3272,0.242,0.2931,0.1377
ED_CA_MAU_CA_MAU_CITY,2025-10-01,2025-11-01,2025,1 month,18.7846,9.161986522567252,93.6086620364989,28.5757293967221,212.025,NA,231376,46.3908,0.6924,67,1.08902709125048,0.4437,92,83.0677902830008,63.4115951415004,43.7554,0.5215,0.1985,0.172,0.108
ED_CA_MAU_DAM_DOI_DISTRICT,2025-10-01,2025-11-01,2025,1 month,10.7441,8.331959994247127,95.1977,26,225,NA,176563,45.7984,0.7156,64,2.44747297123278,0.57,79,46.976468105523,33.0156340527615,19.0548,0.8656,0.0808,0.0459,0.0077
ED_CA_MAU_NAM_CAN_DISTRICT,2025-10-01,2025-11-01,2025,1 month,1.9394,1.7956753840849133,29.2532,7,70,NA,56745,13.744,0.6872,20,10.8701454861683,0.6227,22,3.48177710665815,2.28368855332908,1.0856,0.9977,0.0018,3e-4,2e-4
ED_CA_MAU_NGOC_HIEN_DISTRICT,2025-10-01,2025-11-01,2025,1 month,7.1032,5.315296322642769,15.2466,4,38,NA,67381,7.2492,0.6041,12,1.20461302750791,0.4047,16,12.332458831412,8.57687941570602,4.8213,0.5477,0.2248,0.1784,0.0491
ED_CA_MAU_PHU_TAN_DISTRICT,2025-10-01,2025-11-01,2025,1 month,14.3349,8.38478219438315,49.3732,14,113,NA,99412,23.132,0.5783,40,1.7734070403072,0.5269,43,31.3800196003037,22.8718098001519,14.3636,0.716,0.1604,0.0922,0.0314
ED_CA_MAU_THOI_BINH_DISTRICT,2025-10-01,2025-11-01,2025,1 month,5.6535,3.738908355866637,36.8236,10,83,NA,137826,17.7762,0.6837,26,2.71150322277417,0.5249,33,17.573725315039,12.7008626575195,7.828,0.8678,0.085,0.0398,0.0074
ED_CA_MAU_TRAN_VAN_THOI_DISTRICT,2025-10-01,2025-11-01,2025,1 month,16.7342,9.244225004271206,39.1934,10,92,NA,197866,17.6372,0.6299,28,0.251566311307901,0.2604,51,69.8136714820074,51.6172857410037,33.4209,0.1053,0.1462,0.2564,0.4921
ED_CA_MAU_U_MINH_DISTRICT,2025-10-01,2025-11-01,2025,1 month,1.7079,1.5819696118400246,18.1669,4,42,NA,102290,8.445,0.563,15,4.8576413022135,0.563,15,4.78485706765281,3.24367853382641,1.7025,0.9716,0.0161,0.0118,5e-4
ED_DONG_THAP_CAO_LANH_CITY,2025-10-01,2025-11-01,2025,1 month,23.92,12.60278076490664,86.1020946124005,27,190.314952606276,NA,165468,43.7346,0.6942,63,0.985225316283026,0.4575,83,79.9032657294919,59.728832864746,39.5544,0.4901,0.2331,0.1855,0.0913
ED_DONG_THAP_CAO_LANH_DISTRICT,2025-10-01,2025-11-01,2025,1 month,128.5746,136.90392654467706,96.4063928070684,31,214.444527038461,NA,198233,47.6625,0.6355,75,6.42335396376399e-4,0.0053,292,858.07823760646,556.78121880323,255.4842,0,0,0.009,0.991
ED_DONG_THAP_CHAU_THANH_DISTRICT,2025-10-01,2025-11-01,2025,1 month,8.7852,5.2936625550109095,50.4178,14.975,115,NA,147227,24.1832,0.6536,37,2.24942490276254,0.4987,46,27.5729400012897,20.2331700006449,12.8934,0.817,0.102,0.0674,0.0136
ED_DONG_THAP_HONG_NGU_DISTRICT,2025-10-01,2025-11-01,2025,1 month,23.7139,16.298429699546737,101.5977,32.975,236,NA,196342,49.203,0.7029,70,0.70612462351841,0.4351,99,111.150797421654,78.9289487108272,46.7071,0.3364,0.2804,0.2877,0.0955
ED_DONG_THAP_LAI_VUNG_DISTRICT,2025-10-01,2025-11-01,2025,1 month,15.6887,8.063057335735616,36.2428961779137,10.1173866687507,82,NA,164769,17.68,0.7072,25,0.393481121029819,0.2677,45,51.8583469829984,38.9215234914992,25.9847,0.17,0.2014,0.3119,0.3167
ED_DONG_THAP_LAP_VO_DISTRICT,2025-10-01,2025-11-01,2025,1 month,15.1737,7.058194536920338,39.4604534766855,11.9596101208358,92.4151691155496,NA,179143,19.143,0.6381,30,0.473527845275176,0.2712,48,51.0030275246179,39.177913762309,27.3528,0.2227,0.182,0.2843,0.311
ED_DONG_THAP_SA_DEC_CITY,2025-10-01,2025-11-01,2025,1 month,7.6797,4.147725674731549,36.5676,11,83,NA,106757,17.76,0.7104,25,2.79942699114495,0.4474,36,17.1031173671303,12.6642086835652,8.2253,0.8748,0.0816,0.0346,0.009
ED_DONG_THAP_TAM_NONG_DISTRICT,2025-10-01,2025-11-01,2025,1 month,8.7472,5.648263666671805,21.5708,5,62,NA,100297,8.991,0.5994,15,0.81415994930331,0.2775,26,20.5738620972645,14.7637310486322,8.9536,0.3964,0.203,0.2623,0.1383
ED_DONG_THAP_TAN_HONG_DISTRICT,2025-10-01,2025-11-01,2025,1 month,11.852,6.960168129724986,28.6281,8,71,NA,75206,13.7556,0.7642,18,1.57240430878481,0.5017,26,19.8213408503105,14.3735204251552,8.9257,0.6977,0.1539,0.1193,0.0291
ED_DONG_THAP_THANH_BINH_DISTRICT,2025-10-01,2025-11-01,2025,1 month,15.2437,11.616075224892572,32.9706,9,79,NA,134502,15.7176,0.6549,24,0.376742583279666,0.3494,37,51.1026739653593,35.8026869826797,20.5027,0.1332,0.2366,0.3629,0.2673
ED_DONG_THAP_THAP_MUOI_DISTRICT,2025-10-01,2025-11-01,2025,1 month,11.5998,5.290939364983915,28.0012,7,68,NA,132306,12.4512,0.5188,24,0.853366567594743,0.3027,34,28.5621596640419,21.924029832021,15.2859,0.4011,0.1695,0.1839,0.2455
ED_HAU_GIANG_CHAU_THANH_A_DISTRICT,2025-10-01,2025-11-01,2025,1 month,2.7639,2.040679599379269,11.1222025242541,2,29,NA,96977,4.9455,0.7065,7,1.78690597667155,0.3784,12,6.62679519084456,4.65299759542228,2.6792,0.717,0.1443,0.1036,0.0351
ED_HAU_GIANG_CHAU_THANH_DISTRICT,2025-10-01,2025-11-01,2025,1 month,3.1242,2.123682029527079,13.5484950421234,3,34,NA,87511,5.9046,0.4542,13,2.39758794309123,0.4542,13,6.60458388230654,4.65399194115327,2.7034,0.8096,0.1038,0.0714,0.0152
ED_HAU_GIANG_LONG_MY_DISTRICT,2025-10-01,2025-11-01,2025,1 month,1.7884,1.7053199851128122,10.0581,2,29,NA,138784,4.4576,0.6368,7,1.4187744126345,0.4707,9,6.81624521467982,4.66302260733991,2.5098,0.6368,0.1842,0.1355,0.0435
ED_HAU_GIANG_NGA_BAY_CITY,2025-10-01,2025-11-01,2025,1 month,5.3513,3.2187147003784355,41.3007,12,95,NA,242394,20.2496,0.7232,28,1.94794208743221,0.5108,37,25.5166783445004,19.1845891722502,12.8525,0.7652,0.1226,0.086,0.0262
ED_HAU_GIANG_VI_THANH_CITY,2025-10-01,2025-11-01,2025,1 month,1.8992,1.7864373752946352,9.354,2,26,NA,72851,4.2042,0.6006,7,2.31940990854678,0.6006,7,4.29015805666807,2.83467902833404,1.3792,0.7803,0.157,0.0457,0.017
ED_HAU_GIANG_VI_THUY_DISTRICT,2025-10-01,2025-11-01,2025,1 month,1.6085,1.4671206474927105,6.5952,1,18,NA,89776,2.9802,0.4967,6,1.60406736387999,0.4967,6,4.28616777535746,2.89218388767873,1.4982,0.605,0.2354,0.1054,0.0542
ED_KIEN_GIANG_AN_MINH_DISTRICT,2025-10-01,2025-11-01,2025,1 month,9.9902,5.095537303370569,44.3266,12,105,NA,383364,20.0864,0.6277,32,0.307306111165811,0.2113,63,72.1886239023049,55.3485619511524,38.5085,0.1335,0.1431,0.222,0.5014
ED_KIEN_GIANG_CHAU_THANH_DISTRICT,2025-10-01,2025-11-01,2025,1 month,4.0773,3.124115990175782,9.0579,2,22,NA,164512,3.8248,0.5464,7,0.245837943136645,0.2663,11,16.0701691547649,11.3617845773824,6.6534,0.0871,0.1792,0.3647,0.369
ED_KIEN_GIANG_GIONG_RIENG_DISTRICT,2025-10-01,2025-11-01,2025,1 month,17.0595,13.752631502273436,17.4087,4,45,NA,224683,7.7295,0.5153,15,0.00804380310587929,0.0161,53,97.4855482837633,67.8361241418817,38.1867,8e-4,0.0041,0.0432,0.9519
ED_KIEN_GIANG_GO_QUAO_DISTRICT,2025-10-01,2025-11-01,2025,1 month,2.2345,1.9027537405507098,8.84134112962419,1,41.0168636230182,NA,135470,2.7568,0.1723,16,0.957280412973779,0.1262,21,7.77790180174547,5.41065090087273,3.0434,0.33,0.0888,0.1604,0.4208
ED_KIEN_GIANG_HA_TIEN_CITY,2025-10-01,2025-11-01,2025,1 month,2.1819,2.6816285169930447,21.4720761718462,0.730789104598804,62,NA,49500,10.0377,0.5283,19,6.38525219453724,0.5283,19,4.02152914250193,2.53651457125096,1.0515,0.7917,0.0631,0.114,0.0312
ED_KIEN_GIANG_HON_DAT_DISTRICT,2025-10-01,2025-11-01,2025,1 month,3.4385,2.6638557323429275,28.5814391757576,2,173.533090909091,NA,159072,11.0572,0.1436,77,2.72104295393567,0.1436,77,13.0336955807764,9.25959779038821,5.4855,0.283,0.1085,0.2708,0.3377
ED_KIEN_GIANG_KIEN_LUONG_DISTRICT,2025-10-01,2025-11-01,2025,1 month,7.0122,5.172651814367488,13.6797494467914,2.74069603701468,37,NA,108992,5.8743,0.6527,9,0.486186552261545,0.2862,17,18.6681752806245,13.1303876403122,7.5926,0.2333,0.1598,0.3319,0.275
ED_KIEN_GIANG_RACH_GIA_CITY,2025-10-01,2025-11-01,2025,1 month,6.6884,3.843095416228671,9.0418,1,27,NA,234586,3.7065,0.5295,7,0.0475692836893129,0.0688,21,31.0609941482786,23.372547074139302,15.6841,0.0084,0.038,0.1165,0.8371
ED_KIEN_GIANG_TAN_HIEP_DISTRICT,2025-10-01,2025-11-01,2025,1 month,2.9955,2.39371108015849,6.5405,1,17,NA,127788,3.104,0.6208,5,0.469472960824499,0.26,9,9.55925191773889,6.68147595886944,3.8037,0.2053,0.2036,0.3324,0.2587
ED_LONG_AN_BEN_LUC_DISTRICT,2025-10-01,2025-11-01,2025,1 month,42.6176,16.979110673410606,88.131,29,202,NA,188638,42.4092,0.7188,59,0.266425497332509,0.2044,120,141.315976300927,110.713688150464,80.1114,0.1153,0.1376,0.2258,0.5213
ED_LONG_AN_CAN_DUOC_DISTRICT,2025-10-01,2025-11-01,2025,1 month,24.1141,9.938468619754785,82.0835,24,186,NA,192299,40.14,0.669,60,0.860434463959408,0.4037,84,81.6840079519688,64.0546039759844,46.4252,0.4226,0.1852,0.2047,0.1875
ED_LONG_AN_CAN_GIUOC_DISTRICT,2025-10-01,2025-11-01,2025,1 month,26.8902,10.813243573676603,194.9347,54,474.025,NA,222138,91.601,0.659,139,2.56479814031442,0.4878,176,103.94510428163,81.8280521408152,59.711,0.8196,0.079,0.0662,0.0352
ED_LONG_AN_CHAU_THANH_DISTRICT,2025-10-01,2025-11-01,2025,1 month,18.0691,8.825911559804242,55.5063,17,123,NA,112680,27.7563,0.7117,39,1.52348379996435,0.5218,50,40.7566814001282,30.7059907000641,20.6553,0.6777,0.1622,0.113,0.0471
ED_LONG_AN_DUC_HOA_DISTRICT,2025-10-01,2025-11-01,2025,1 month,127.6581,61.26743322702056,294.3897,104,664,NA,329857,148.1085,0.7155,207,0.0389019908871281,0.0559,552,806.404404656413,611.320802328206,416.2372,0.0074,0.0286,0.1196,0.8444
ED_LONG_AN_DUC_HUE_DISTRICT,2025-10-01,2025-11-01,2025,1 month,5.5856,2.9664039838261282,11.4719,2,32,NA,68273,5.2136,0.6517,8,1.32427046310975,0.5058,10,8.5429557264567,6.18592786322835,3.8289,0.5811,0.15,0.2029,0.066
ED_LONG_AN_MOC_HOA_TOWN,2025-10-01,2025-11-01,2025,1 month,9.9323,8.170201461970992,16.0796,4,40,NA,73843,7.5383,0.6853,11,0.616776980332805,0.3952,17,19.7248402535479,13.5225701267739,7.3203,0.28,0.2525,0.3086,0.1589
ED_LONG_AN_TAN_AN_CITY,2025-10-01,2025-11-01,2025,1 month,25.981,10.739486610507308,122.057,43,265.025,NA,148961,61.4208,0.7312,84,2.37310088682031,0.5539,105,69.6051257209147,54.1106128604574,38.6161,0.8422,0.0902,0.0531,0.0145
ED_LONG_AN_TAN_HUNG_DISTRICT,2025-10-01,2025-11-01,2025,1 month,5.4735,3.6374470239558416,9.8403,2,28,NA,48789,4.4562,0.6366,7,1.42382564997977,0.4748,9,6.89300123622605,4.78345061811302,2.6739,0.6366,0.1696,0.1403,0.0535
ED_LONG_AN_TAN_THANH_DISTRICT,2025-10-01,2025-11-01,2025,1 month,10.4405,5.60940338098706,22.5692,6,54,NA,79404,10.971,0.6095,18,1.34538325794857,0.4546,22,17.5658148830698,12.9444074415349,8.323,0.6095,0.1972,0.1238,0.0695
ED_LONG_AN_TAN_TRU_DISTRICT,2025-10-01,2025-11-01,2025,1 month,9.1265,4.660779981612917,40.7151,11,94,NA,68267,19.5723,0.7249,27,4.47902196805355,0.5925,33,13.3363517752278,9.79942588761391,6.2625,0.9546,0.0314,0.0104,0.0036
ED_LONG_AN_THANH_HOA_DISTRICT,2025-10-01,2025-11-01,2025,1 month,3.3904,2.2567004918045663,7.9719,2,21,NA,57947,3.651,0.7302,5,1.39214768594134,0.7302,5,5.14912921308579,3.55366460654289,1.9582,0.6343,0.2088,0.1357,0.0212
ED_LONG_AN_THU_THUA_DISTRICT,2025-10-01,2025-11-01,2025,1 month,12.9222,6.649403628661873,37.256100000000004,11,89,NA,100765,18.2196,0.6748,27,1.6107576402542,0.5204,33,25.8868774661607,19.3922387330803,12.8976,0.6996,0.1411,0.1203,0.039
ED_LONG_AN_VINH_HUNG_DISTRICT,2025-10-01,2025-11-01,2025,1 month,11.2036,7.081353090770126,10.1362,2,32,NA,51569,4.1424,0.6904,6,0.475546004268187,0.2616,13,13.7231282797321,9.75346413986603,5.7838,0.2313,0.1543,0.3048,0.3096
ED_SOC_TRANG_CU_LAO_DUNG_DISTRICT,2025-10-01,2025-11-01,2025,1 month,4.9466,3.1335491623772724,20.5835107405335,5,49,NA,57307,9.5076,0.5282,18,3.92082729226681,0.5282,18,6.89172775734876,4.84336387867438,2.795,0.9489,0.0323,0.0166,0.0022
ED_SOC_TRANG_KE_SACH_DISTRICT,2025-10-01,2025-11-01,2025,1 month,7.8477,5.71462775752198,45.5048735215593,13,112.9794265971,NA,147148,21.1995,0.6057,35,1.86660342763081,0.4953,41,27.1086178917054,19.2543089458527,11.4,0.746,0.1459,0.0907,0.0174
ED_SOC_TRANG_LONG_PHU_DISTRICT,2025-10-01,2025-11-01,2025,1 month,23.7705,13.78983124242532,95.8686654334412,31.1668524206921,225,NA,352780,47.4237,0.6873,69,0.205482090700685,0.2179,124,171.239574237663,126.546987118831,81.8544,0.076,0.1277,0.334,0.4623
ED_SOC_TRANG_MY_TU_DISTRICT,2025-10-01,2025-11-01,2025,1 month,11.0254,7.517579812720585,46.2423676138103,14,109,NA,182328,21.92,0.685,32,0.836549768902238,0.4137,47,46.7035552806772,33.3000276403386,19.8965,0.4137,0.248,0.2514,0.0869
ED_SOC_TRANG_NGA_NAM_TOWN,2025-10-01,2025-11-01,2025,1 month,3.402,2.7622018347502393,16.687,4,44,NA,74820,7.6636,0.5474,14,2.81998556571551,0.5474,14,6.97643996298803,4.74786998149402,2.5193,0.9045,0.0591,0.0307,0.0057
ED_SOC_TRANG_SOC_TRANG_CITY,2025-10-01,2025-11-01,2025,1 month,9.4539,6.97361727683649,39.2564,11,88,NA,144134,18.5266,0.5449,34,1.16265745826356,0.4686,38,33.2649292633504,23.4233646316752,13.5818,0.5449,0.2142,0.1852,0.0557
ED_SOC_TRANG_THANH_TRI_DISTRICT,2025-10-01,2025-11-01,2025,1 month,2.3521,1.9586498464304671,10.311,2,26,NA,58395,4.637,0.4637,10,2.92766645399693,0.4637,10,4.09601374318927,2.72735687159464,1.3587,0.8451,0.1212,0.0266,0.0071
ED_SOC_TRANG_VINH_CHAU_TOWN,2025-10-01,2025-11-01,2025,1 month,13.8172,6.716077332005115,16.1066,4,40,NA,166809,7.3106,0.6646,11,0.0665905522423302,0.0874,31,43.928638647894,33.486269323947,23.0439,0.0149,0.0485,0.1323,0.8043
ED_TIEN_GIANG_CAI_BE_DISTRICT,2025-10-01,2025-11-01,2025,1 month,66.6448,30.315575804751546,98.877,34,233,NA,297054,47.2995,0.6855,69,0.0105151786160605,0.0225,240,377.901851482095,287.926275741048,197.9507,6e-4,0.0049,0.0497,0.9448
ED_TIEN_GIANG_CAI_LAY_DISTRICT,2025-10-01,2025-11-01,2025,1 month,58.7485,23.592857182651787,70.6351,20,183,NA,323346,30.0377,0.6391,47,0.00365584297747775,0.008,222,335.321594946017,261.880147473009,188.4387,3e-4,0.0016,0.0204,0.9777
ED_TIEN_GIANG_CHAU_THANH_DISTRICT,2025-10-01,2025-11-01,2025,1 month,30.1038,17.93510502782841,103.926621982596,28,327.934496783958,NA,267831,39.7782,0.6314,63,0.291760761207905,0.1091,204,172.795049812134,126.514124906067,80.2332,0.1453,0.1015,0.2261,0.5271
ED_TIEN_GIANG_CHO_GAO_DISTRICT,2025-10-01,2025-11-01,2025,1 month,15.2966,7.2662444406190385,110.442100789677,33.3938640411304,241.583317651803,NA,190296,55.8748,0.6814,82,2.90335313858174,0.589,92,54.4754297307644,41.6653148653822,28.8552,0.8961,0.0577,0.0306,0.0156
ED_TIEN_GIANG_GO_CONG_DONG_DISTRICT,2025-10-01,2025-11-01,2025,1 month,24.5769,9.829331002911465,171.236720741545,53,389,NA,312438,83.7876,0.6812,123,1.45000856858301,0.4484,166,131.795659701368,104.071529850684,76.3474,0.6289,0.1551,0.1303,0.0857
ED_TIEN_GIANG_GO_CONG_TOWN,2025-10-01,2025-11-01,2025,1 month,7.1845,4.484403052477967,63.3827523623887,15.5449537188178,150.411063555009,NA,101275,28.944,0.603,48,5.45411535279166,0.5281,54,16.394506632484,11.878853316242,7.3632,0.9684,0.024,0.0059,0.0017
ED_TIEN_GIANG_MY_THO_CITY,2025-10-01,2025-11-01,2025,1 month,18.2289,9.793523170933428,79.2138,26,188,NA,231911,38.4285,0.6987,55,0.69472351310328,0.3838,82,86.1019356280876,64.4993178140438,42.8967,0.3399,0.232,0.27,0.1581
ED_TIEN_GIANG_TAN_PHUOC_DISTRICT,2025-10-01,2025-11-01,2025,1 month,6.1912,3.9700401360525546,22.4566,6,50,NA,66502,10.9548,0.6444,17,2.92555471406747,0.5371,20,9.95882711977018,7.04576355988509,4.1327,0.8884,0.0508,0.049,0.0118
ED_TRA_VINH_CANG_LONG_DISTRICT,2025-10-01,2025-11-01,2025,1 month,15.0997,8.05632983156943,43.4560797512361,12.9420194684796,100.016503785537,NA,148908,21.4132,0.6298,34,0.767496356460025,0.4166,44,45.8352505884749,34.1986752942375,22.5621,0.3816,0.229,0.2459,0.1435
ED_TRA_VINH_CAU_KE_DISTRICT,2025-10-01,2025-11-01,2025,1 month,2.7584,2.0777057361697326,24.8813583249532,5.92630382706662,61,NA,103552,11.5434,0.6413,18,4.64411566892576,0.6413,18,7.03220635399322,4.93980317699661,2.8474,0.9499,0.0364,0.0101,0.0036
ED_TRA_VINH_CAU_NGANG_DISTRICT,2025-10-01,2025-11-01,2025,1 month,3.7054,2.699914775317806,20.6450579659924,4,75.5687807236683,NA,122313,7.322,0.7322,10,1.66016739532937,0.3891,18,10.8337280830674,7.6721640415337,4.5106,0.6792,0.1489,0.1243,0.0476
ED_TRA_VINH_CHAU_THANH_DISTRICT,2025-10-01,2025-11-01,2025,1 month,12.4419,8.863446308183168,63.6116,20,147,NA,145270,31.095,0.691,45,1.61521698170059,0.5971,51,42.3552974875877,30.0950987437938,17.8349,0.7196,0.1693,0.0969,0.0142
ED_TRA_VINH_TIEU_CAN_DISTRICT,2025-10-01,2025-11-01,2025,1 month,3.419,3.0639480703461306,28.6524803970619,7.50243269307462,72,NA,108914,13.478,0.6739,20,3.37962472038402,0.6739,20,10.1840545913167,6.92837729565836,3.6727,0.9349,0.0477,0.0152,0.0022
ED_TRA_VINH_TRA_CU_DISTRICT,2025-10-01,2025-11-01,2025,1 month,13.1976,9.07876625096516,48.9950185540885,12,164.613272857484,NA,275826,19.7484,0.7053,28,0.26984243092949,0.1438,81,83.9346382301225,60.1700691150612,36.4055,0.1295,0.0978,0.2844,0.4883
ED_TRA_VINH_TRA_VINH_CITY,2025-10-01,2025-11-01,2025,1 month,8.598,5.283615018031298,60.0419,18,143,NA,115099,28.8951,0.7409,39,3.72686152452598,0.6343,45,21.8459042812817,15.8715021406408,9.8971,0.9578,0.0294,0.0117,0.0011
ED_VINH_LONG_BINH_MINH_TOWN,2025-10-01,2025-11-01,2025,1 month,22.989,16.184674027218982,59.4048,15,147,NA,192379,27.7939,0.6779,41,0.248877283289178,0.247,75,104.91420149977,74.7709007498849,44.6276,0.1002,0.1468,0.3668,0.3862
ED_VINH_LONG_LONG_HO_DISTRICT,2025-10-01,2025-11-01,2025,1 month,27.0511,10.401389699495356,64.2312,21,143,NA,168493,32.3004,0.7341,44,0.518885031836919,0.3132,73,78.708900763314,62.078400381657,45.4479,0.2555,0.185,0.2602,0.2993
ED_VINH_LONG_MANG_THIT_DISTRICT,2025-10-01,2025-11-01,2025,1 month,9.5495,4.67704364141734,38.9859,11,86.9999999999999,NA,96496,19.0791,0.6579,29,3.07787399002111,0.5448,34,17.9347602686315,13.5327801343157,9.1308,0.8954,0.0547,0.0346,0.0153
ED_VINH_LONG_TAM_BINH_DISTRICT,2025-10-01,2025-11-01,2025,1 month,18.2812,8.182800399755466,25.3548,5,67,NA,152446,10.8594,0.6033,18,0.194482506136362,0.1363,45,51.8424226651729,39.9037113325865,27.965,0.0852,0.0952,0.1628,0.6568
ED_VINH_LONG_TRA_ON_DISTRICT,2025-10-01,2025-11-01,2025,1 month,10.9652,6.270336567686555,35.4907,10,84,NA,130208,17.5188,0.6738,26,1.18104512452828,0.4585,34,29.5592034473492,21.8480017236746,14.1368,0.5611,0.2128,0.1451,0.081
ED_VINH_LONG_VINH_LONG_CITY,2025-10-01,2025-11-01,2025,1 month,31.4268,12.92183187995856,55.6683,17,122,NA,139810,27.2,0.68,40,0.39120656988533,0.2523,71,78.8893777264395,61.3355388632197,43.7817,0.1842,0.1683,0.265,0.3825
ED_VINH_LONG_VUNG_LIEM_DISTRICT,2025-10-01,2025-11-01,2025,1 month,12.3363,6.096434938707719,50.3945,15,118,NA,149798,24.3466,0.6407,38,1.6089902004288,0.4301,50,35.2564685003037,26.7878842501519,18.3193,0.6741,0.1584,0.1119,0.0556
ED_AN_GIANG_AN_PHU_DISTRICT,2025-10-01,2025-12-01,2025,2 months,16.5757,8.01263313393131,67.0848,14,186,NA,148259,29.223,0.573,51,1.46728450687627,0.4252,64,47.4198713736725,35.9916856868363,24.5635,0.6104,0.1583,0.1212,0.1101
ED_AN_GIANG_CHAU_DOC_CITY,2025-10-01,2025-12-01,2025,2 months,10.0386,5.462791799933889,30.5500289982614,6,85,NA,101612,13.5768,0.5657,24,1.45361553374167,0.4416,29,21.6320413792507,15.9279706896254,10.2239,0.6154,0.1605,0.1259,0.0982
ED_AN_GIANG_CHAU_PHU_DISTRICT,2025-10-01,2025-12-01,2025,2 months,35.0598,14.910327150856704,61.8237944652206,14,164.468773373224,NA,206321,27.324,0.594,46,0.133445065649649,0.1141,107,131.512435130249,101.995567565124,72.4787,0.0568,0.0727,0.1636,0.7069
ED_AN_GIANG_CHAU_THANH_DISTRICT,2025-10-01,2025-12-01,2025,2 months,21.9994,8.22330602107155,33.0404394235197,6,119.34920342573,NA,151069,12.42,0.621,20,0.273872799887797,0.0958,68,57.6120199084919,45.5160599542459,33.4201,0.129,0.0651,0.1268,0.6791
ED_AN_GIANG_CHO_MOI_DISTRICT,2025-10-01,2025-12-01,2025,2 months,64.1797,29.17065135714422,87.7728241313572,19,254.624247860249,NA,307715,36.9488,0.6598,56,0.0204717407014765,0.0135,323,363.601905590402,279.639902795201,195.6779,0.0072,0.0116,0.039,0.9422
ED_AN_GIANG_LONG_XUYEN_CITY,2025-10-01,2025-12-01,2025,2 months,25.9681,11.22894880739653,53.9633,12,149,NA,272838,23.7244,0.6412,37,0.0990111029080168,0.0962,101,129.078892291334,100.154796145667,71.2307,0.0401,0.0561,0.1303,0.7735
ED_AN_GIANG_PHU_TAN_DISTRICT,2025-10-01,2025-12-01,2025,2 months,21.6921,10.256257439810447,51.8349,11,139,NA,188532,22.56,0.564,40,0.350088225223864,0.2204,70,77.5429856968754,59.2159928484377,40.889,0.1703,0.1373,0.2395,0.4529
ED_AN_GIANG_TAN_CHAU_TOWN,2025-10-01,2025-12-01,2025,2 months,16.6459,8.303349188777688,53.5778759175201,7,254.789150290617,NA,140901,16.0452,0.4457,36,0.888514204148753,0.1048,118,45.9272840800593,34.8018420400296,23.6764,0.3307,0.1284,0.1937,0.3472
ED_AN_GIANG_THOAI_SON_DISTRICT,2025-10-01,2025-12-01,2025,2 months,18.6285,9.499616414424434,54.0471172695723,11,173.019832541997,NA,163251,21.1714,0.5722,37,0.610019266917416,0.2396,69,60.802265830036,45.787832915018,30.7734,0.2938,0.1502,0.2238,0.3322
ED_AN_GIANG_TINH_BIEN_DISTRICT,2025-10-01,2025-12-01,2025,2 months,26.1584,17.095711034454734,54.5501917415514,9.95920392524395,150,NA,108390,23.4858,0.6022,39,0.591902192851283,0.3126,63,64.9621162253559,46.5417581126779,28.1214,0.2939,0.1919,0.2629,0.2513
ED_AN_GIANG_TRI_TON_DISTRICT,2025-10-01,2025-12-01,2025,2 months,8.6417,5.157381212213889,23.7015,3,71,NA,117377,10.1061,0.5319,19,0.886652169297088,0.3628,25,22.3191822636343,16.2801411318171,10.2411,0.4138,0.1815,0.1924,0.2123
ED_BAC_LIEU_BAC_LIEU_CITY,2025-10-01,2025-12-01,2025,2 months,4.0725,3.1352235506692767,31.9879,6,90,NA,159470,13.7136,0.5714,24,2.22450644978708,0.4619,29,15.8566172409154,11.1892086204577,6.5218,0.7672,0.1028,0.0966,0.0334
ED_BAC_LIEU_DONG_HAI_DISTRICT,2025-10-01,2025-12-01,2025,2 months,9.3408,5.842625179394849,46.2044,8,143.025,NA,155713,19.1895,0.5815,33,1.4616742387155,0.3873,46,31.0825125665008,22.6736062832504,14.2647,0.5969,0.1585,0.1389,0.1057
ED_BAC_LIEU_GIA_RAI_TOWN,2025-10-01,2025-12-01,2025,2 months,4.9193,3.0654081592372444,25.5754,5,73,NA,146410,10.8984,0.5736,19,1.7500784868919,0.4162,25,15.6760706053822,11.4473353026911,7.2186,0.6664,0.1281,0.1223,0.0832
ED_BAC_LIEU_HONG_DAN_DISTRICT,2025-10-01,2025-12-01,2025,2 months,8.6101,8.830746072536554,7.5821,1,22,NA,114025,3.3768,0.5628,6,0.0514855968140497,0.1279,14,30.3838529062817,20.1276264531408,9.8714,0.0062,0.0271,0.2403,0.7264
ED_BAC_LIEU_PHUOC_LONG_DISTRICT,2025-10-01,2025-12-01,2025,2 months,3.6142,2.7306233702946,15.6751336898012,2,48,NA,126624,6.365,0.6365,10,1.42797004969981,0.3605,17,10.7982375565711,7.63581877828553,4.4734,0.5851,0.1572,0.154,0.1037
ED_BAC_LIEU_VINH_LOI_DISTRICT,2025-10-01,2025-12-01,2025,2 months,4.7657,3.188262851773862,28.5947329037149,6,80.024633560778,NA,222928,12.332,0.6166,20,1.17806503328959,0.4149,28,22.8562202183288,16.7282601091644,10.6003,0.5374,0.1666,0.1729,0.1231
ED_BEN_TRE_BA_TRI_DISTRICT,2025-10-01,2025-12-01,2025,2 months,3.5009,2.585240324757773,51.2528514520875,9,145,NA,186589,21.9108,0.5766,38,4.29619053019522,0.5766,38,15.0046594895955,10.7860297447978,6.5674,0.9134,0.0501,0.0257,0.0108
ED_BEN_TRE_BEN_TRE_CITY,2025-10-01,2025-12-01,2025,2 months,3.4086,2.698031500445786,35.5699776530235,7,100,NA,125750,15.1502,0.5827,26,3.91942393694363,0.4984,30,10.7959113837664,7.52100569188321,4.2461,0.9172,0.0495,0.026,0.0073
ED_BEN_TRE_BINH_DAI_DISTRICT,2025-10-01,2025-12-01,2025,2 months,2.3371,1.8143298402652501,44.4729,6,126,NA,138451,18.6796,0.4556,41,7.80952966480826,0.4556,41,7.62694505925547,5.42282252962773,3.2187,0.9603,0.0199,0.0116,0.0082
ED_BEN_TRE_CHAU_THANH_DISTRICT,2025-10-01,2025-12-01,2025,2 months,5.0366,3.536652545999269,33.2999513280014,6.32068973199368,97.9706908459019,NA,177323,14.0325,0.5613,25,1.65387315154275,0.4912,28,20.2158762414307,14.5215881207154,8.8273,0.6616,0.1568,0.1274,0.0542
ED_BEN_TRE_CHO_LACH_DISTRICT,2025-10-01,2025-12-01,2025,2 months,4.6888,3.254691054675718,24.6467508980786,5,69,NA,112217.5,10.9602,0.6089,18,2.25417983197255,0.4845,22,12.5052513796075,8.92582568980373,5.3464,0.7783,0.1148,0.0716,0.0353
ED_BEN_TRE_GIONG_TROM_DISTRICT,2025-10-01,2025-12-01,2025,2 months,2.3665,2.112823739078876,42.858,8,125,NA,171464,18.0915,0.5169,35,5.23088950890516,0.5169,35,10.1439755281925,7.08278776409627,4.0216,0.9562,0.0241,0.0157,0.004
ED_BEN_TRE_MO_CAY_DISTRICT,2025-10-01,2025-12-01,2025,2 months,7.9271,4.94348352813472,41.5703,7,125,NA,258763,16.8448,0.5264,32,0.714360068522253,0.2825,51,44.6463852078825,32.6291426039412,20.6119,0.3467,0.1641,0.2132,0.276
ED_BEN_TRE_THANH_PHU_DISTRICT,2025-10-01,2025-12-01,2025,2 months,4.6467,3.522771650562977,29.9963,6,91,NA,128770,12.2475,0.4899,25,2.22734358723368,0.4899,25,14.2594497023673,10.0417248511836,5.824,0.7846,0.0984,0.0923,0.0247
ED_CAN_THO_BINH_THUY_URBAN_DISTRICT,2025-10-01,2025-12-01,2025,2 months,13.2499,5.4690073134070145,57.561,12,154,NA,150528,24.6652,0.5362,46,1.96985214547599,0.4107,57,35.4264853494182,27.7115426747091,19.9966,0.6738,0.1166,0.1089,0.1007
ED_CAN_THO_CAI_RANG_URBAN_DISTRICT,2025-10-01,2025-12-01,2025,2 months,10.2289,4.486548528854912,24.3470372425547,5,65,NA,108071,10.539,0.5855,18,1.11980487992234,0.3211,28,20.8222671388444,15.9965835694222,11.1709,0.4974,0.151,0.1467,0.2049
ED_CAN_THO_CO_DO_DISTRICT,2025-10-01,2025-12-01,2025,2 months,22.6859,8.54089783825965,37.9791898788759,7,121.722201145543,NA,222960,15,0.625,24,0.154819177006335,0.0707,88,84.7669509950229,67.7333754975115,50.6998,0.0753,0.0486,0.0884,0.7877
ED_CAN_THO_NINH_KIEU_URBAN_DISTRICT,2025-10-01,2025-12-01,2025,2 months,31.747,12.558310480164584,77.6755,4,255,NA,294874,32.0985,0.5095,63,0.197176960820973,0.102,159,161.288563170793,127.076031585396,92.8635,0.0969,0.0712,0.1368,0.6951
ED_CAN_THO_O_MON_URBAN_DISTRICT,2025-10-01,2025-12-01,2025,2 months,10.554,4.979916059171644,26.034,5,73,NA,129487,11.486,0.5743,20,0.836360064670537,0.36870000000000003,28,26.3103690776466,20.0152345388233,13.7201,0.3922,0.1532,0.2143,0.2403
ED_CAN_THO_PHONG_DIEN_DISTRICT,2025-10-01,2025-12-01,2025,2 months,4.9764,2.9965214756606384,21.4256,2,68,NA,97890,8.5305,0.5687,15,2.23165408030291,0.4043,21,10.6984119646441,7.77165598232207,4.8449,0.683,0.0877,0.101,0.1283
ED_CAN_THO_THOT_NOT_URBAN_DISTRICT,2025-10-01,2025-12-01,2025,2 months,21.0245,12.913046674872772,20.5973,4,61,NA,156484,8.1186,0.5799,14,0.0412393972786397,0.0323,57,70.7120358450832,51.7528179225416,32.7936,0.0159,0.0267,0.1108,0.8466
ED_CAN_THO_VINH_THANH_DISTRICT,2025-10-01,2025-12-01,2025,2 months,19.721800000000002,14.896751192109237,12.2794,2,41.0249999999996,NA,98582,4.9048,0.6131,8,0.0420030047575918,0.0413,34,48.2377008732638,33.7534504366319,19.2692,0.0166,0.0247,0.1075,0.8512
ED_CA_MAU_CAI_NUOC_DISTRICT,2025-10-01,2025-12-01,2025,2 months,12.2623,8.6817300092548,36.790263799184,7,107.00209701957,NA,137648,15.5846,0.5374,29,0.659857152094921,0.2947,43,40.2086627863279,28.533381393164,16.8581,0.325,0.2136,0.2587,0.2027
ED_CA_MAU_CA_MAU_CITY,2025-10-01,2025-12-01,2025,2 months,15.6001,7.703902582555165,68.117763129141,12,199.025,NA,231376,28.7196,0.5523,52,0.767799101231273,0.2906,80,69.3078687047239,52.656484352362,36.0051,0.3679,0.173,0.1842,0.2749
ED_CA_MAU_DAM_DOI_DISTRICT,2025-10-01,2025-12-01,2025,2 months,7.4981,5.898701200907345,66.9835,11,205,NA,176563,27.2274,0.5919,46,2.10361521562501,0.4348,61,33.0245564928261,23.1675282464131,13.3105,0.7371,0.1149,0.1047,0.0433
ED_CA_MAU_NAM_CAN_DISTRICT,2025-10-01,2025-12-01,2025,2 months,1.3004,1.3650443855851215,21.7636,4,66.0249999999997,NA,56745,9.0818,0.6487,14,9.11459122421166,0.502,18,2.64640271205397,1.69610135602699,0.7458,0.9895,0.0073,0.0032,0
ED_CA_MAU_NGOC_HIEN_DISTRICT,2025-10-01,2025-12-01,2025,2 months,5.4687,4.1969491000219215,12.2504,2,35,NA,67381,5.0076,0.4173,12,1.13744685813192,0.3728,13,9.79876303393105,6.75313151696552,3.7075,0.5268,0.1823,0.196,0.0949
ED_CA_MAU_PHU_TAN_DISTRICT,2025-10-01,2025-12-01,2025,2 months,9.0849,5.625891667611951,39.9628,7,114.025,NA,99412,16.4796,0.5316,31,2.2464456628091,0.3623,43,19.8968553071617,14.3967776535809,8.8967,0.745,0.1124,0.1049,0.0377
ED_CA_MAU_THOI_BINH_DISTRICT,2025-10-01,2025-12-01,2025,2 months,4.1318,2.9637994484642634,25.8548,5,72,NA,137826,10.9342,0.4754,23,2.1469868284671,0.4754,23,13.3905549539866,9.5714774769933,5.7524,0.7611,0.1166,0.0897,0.0326
ED_CA_MAU_TRAN_VAN_THOI_DISTRICT,2025-10-01,2025-12-01,2025,2 months,11.1775,6.611971382769035,33.1075,6,93.0249999999996,NA,197866,13.986,0.4995,28,0.449873770327266,0.2582,43,46.1295325298469,33.9832662649235,21.837,0.2153,0.1716,0.2408,0.3723
ED_CA_MAU_U_MINH_DISTRICT,2025-10-01,2025-12-01,2025,2 months,1.2682,1.3000914520826516,13.3017,2,37,NA,102290,5.33,0.533,10,3.52093573228448,0.3469,15,4.02672321159411,2.68026160579706,1.3338,0.8858,0.0828,0.0239,0.0075
ED_DONG_THAP_CAO_LANH_CITY,2025-10-01,2025-12-01,2025,2 months,18.3375,9.779271811628746,66.0276001019003,15.0248646794429,180,NA,165468,29.358,0.6524,45,0.892236969348359,0.3756,68,62.1050506999842,46.4060253499921,30.707,0.4313,0.1922,0.2091,0.1674
ED_DONG_THAP_CAO_LANH_DISTRICT,2025-10-01,2025-12-01,2025,2 months,80.4474,85.47897694047279,70.9523829677037,17,194.078287040395,NA,198233,31.43,0.6286,50,0.00528223441302571,0.0153,225,518.521109521416,341.140804760708,163.7605,2e-4,0.0016,0.0443,0.9539
ED_DONG_THAP_CHAU_THANH_DISTRICT,2025-10-01,2025-12-01,2025,2 months,6.9623,4.325129984744793,38.0655,8,103,NA,147227,17.016,0.5672,30,1.92691096589628,0.5249,32,22.0225041809733,16.0515520904866,10.0806,0.7058,0.1275,0.1103,0.0564
ED_DONG_THAP_HONG_NGU_DISTRICT,2025-10-01,2025-12-01,2025,2 months,16.9947,11.966302317303994,79.7675,17,226,NA,196342,33.9696,0.6066,56,0.770045375177278,0.3679,83,80.792579800222,57.078139900111,33.3637,0.3836,0.2027,0.253,0.1607
ED_DONG_THAP_LAI_VUNG_DISTRICT,2025-10-01,2025-12-01,2025,2 months,12.2876,6.620881349713549,28.9496460972519,6,82.7786181988691,NA,164769,12.464,0.6232,20,0.407233944874278,0.2301,38,40.3112839547357,30.2703919773679,20.2295,0.1972,0.1446,0.2547,0.4035
ED_DONG_THAP_LAP_VO_DISTRICT,2025-10-01,2025-12-01,2025,2 months,13.1694,6.186334190218898,32.2031388064502,6,91.3279318318373,NA,179143,13.6248,0.5677,24,0.414095621404873,0.178,48,44.6019103479686,34.1904551739843,23.779,0.2046,0.1386,0.229,0.4278
ED_DONG_THAP_SA_DEC_CITY,2025-10-01,2025-12-01,2025,2 months,6.4948,3.7002083879440386,27.7458,6,76,NA,106757,12.375,0.5625,22,2.22780659170624,0.4757,25,14.6841007608616,10.8395003804308,6.9949,0.77,0.1146,0.0838,0.0316
ED_DONG_THAP_TAM_NONG_DISTRICT,2025-10-01,2025-12-01,2025,2 months,8.1779,5.510997069394057,17.4989,3,51,NA,100297,7.1968,0.5536,13,0.71853626048418,0.3368,20,19.2636766348324,13.7448883174162,8.2261,0.3368,0.1788,0.218,0.2664
ED_DONG_THAP_TAN_HONG_DISTRICT,2025-10-01,2025-12-01,2025,2 months,7.4334,4.718642919219456,22.175,4,60,NA,75206,9.5897,0.5641,17,1.73635277433628,0.3601,24,13.2633317841003,9.45851589205013,5.6537,0.6724,0.1487,0.1244,0.0545
ED_DONG_THAP_THANH_BINH_DISTRICT,2025-10-01,2025-12-01,2025,2 months,10.5303,8.193777865525215,27.3865,5,79,NA,134502,11.4072,0.5432,21,0.518109928665315,0.3005,33,36.023997755424,25.061148877712,14.0983,0.2422,0.1848,0.285,0.288
ED_DONG_THAP_THAP_MUOI_DISTRICT,2025-10-01,2025-12-01,2025,2 months,8.2706,4.038292513011169,24.2378,4,71,NA,132306,10.2726,0.5707,18,1.08327584326085,0.3019,29,20.9896137533673,15.9459068766836,10.9022,0.4852,0.1491,0.1628,0.2029
ED_HAU_GIANG_CHAU_THANH_A_DISTRICT,2025-10-01,2025-12-01,2025,2 months,2.7887,2.0662718257590873,9.30849322827987,1,28.8124007267658,NA,96977,3.9403,0.5629,7,1.28682083851304,0.2738,12,6.64877808090395,4.66673904045198,2.6847,0.5746,0.1591,0.1659,0.1004
ED_HAU_GIANG_CHAU_THANH_DISTRICT,2025-10-01,2025-12-01,2025,2 months,2.8258,1.9987130472843115,10.8880797467441,2,29.778844468276,NA,87511,4.4664,0.5583,8,1.84315431606285,0.3162,13,6.06695908928637,4.25632954464319,2.4457,0.6949,0.1464,0.1129,0.0458
ED_HAU_GIANG_LONG_MY_DISTRICT,2025-10-01,2025-12-01,2025,2 months,1.7691,1.6597170409637922,8.436,1,28,NA,138784,3.4391,0.4913,7,1.07597323771264,0.3555,9,6.7796456866361,4.61692284331805,2.4542,0.4913,0.1797,0.2029,0.1261
ED_HAU_GIANG_NGA_BAY_CITY,2025-10-01,2025-12-01,2025,2 months,4.4677,2.75704857441507,28.5243,6,83,NA,242394,12.2759,0.6461,19,1.20217477412304,0.3953,28,22.1626160877447,16.5560580438724,10.9495,0.518,0.1975,0.1845,0.1
ED_HAU_GIANG_VI_THANH_CITY,2025-10-01,2025-12-01,2025,2 months,1.8643,1.7639151480910205,6.5512,1,21,NA,72851,2.6945,0.5389,5,1.41295544763379,0.3585,7,4.21446500695083,2.77958250347542,1.3447,0.5389,0.2703,0.1194,0.0714
ED_HAU_GIANG_VI_THUY_DISTRICT,2025-10-01,2025-12-01,2025,2 months,1.5615,1.4491472502045049,5.9621,1,19,NA,89776,2.4552,0.4092,6,1.41213725920251,0.4092,6,4.06591648613964,2.73295824306982,1.4,0.5061,0.2449,0.1404,0.1086
ED_KIEN_GIANG_AN_MINH_DISTRICT,2025-10-01,2025-12-01,2025,2 months,7.3072,3.9681233297713954,35.2171,6,123.025,NA,383364,13.5044,0.5194,26,0.353603354750553,0.1261,63,53.0198939199082,40.6091469599541,28.1984,0.1686,0.1011,0.188,0.5423
ED_KIEN_GIANG_CHAU_THANH_DISTRICT,2025-10-01,2025-12-01,2025,2 months,3.3018,2.660004571881831,8.3025,1,24,NA,164512,3.1722,0.5287,6,0.302022041023345,0.2167,11,13.4042151917245,9.43860759586226,5.473,0.1501,0.1613,0.3067,0.3819
ED_KIEN_GIANG_GIONG_RIENG_DISTRICT,2025-10-01,2025-12-01,2025,2 months,14.9047,11.739505931254135,15.7887,2,48,NA,224683,6.2835,0.4189,15,0.0140060232657371,0.0194,53,87.414464045569,60.4869320227845,33.5594,0.0049,0.0077,0.0673,0.9201
ED_KIEN_GIANG_GO_QUAO_DISTRICT,2025-10-01,2025-12-01,2025,2 months,1.7563,1.6052314433746555,8.03561059160305,1,47.2315399295361,NA,135470,2.3625,0.1125,21,1.07474978949571,0.1125,21,6.26277801481761,4.31168900740881,2.3606,0.2595,0.1119,0.2438,0.3848
ED_KIEN_GIANG_HA_TIEN_CITY,2025-10-01,2025-12-01,2025,2 months,1.5042,2.0465583793578945,14.794898811545,0.730789104598804,47,NA,49500,6.1065,0.4071,15,5.04729368030516,0.4071,15,3.03815950708259,1.8877797535413,0.73740000000000006,0.81,0.0736,0.0834,0.033
ED_KIEN_GIANG_HON_DAT_DISTRICT,2025-10-01,2025-12-01,2025,2 months,2.8917,2.289169093691847,23.4106896484848,1,160.678787878788,NA,159072,7.328,0.1145,64,2.06615794539376,0.1145,64,11.1382652331572,7.84368261657858,4.5491,0.3217,0.1467,0.2086,0.323
ED_KIEN_GIANG_KIEN_LUONG_DISTRICT,2025-10-01,2025-12-01,2025,2 months,4.2402,3.3960944194369174,10.6310764232549,2,30,NA,108992,4.6344,0.5793,8,0.681974698568423,0.3846,11,11.8146659379515,8.22258296897575,4.6305,0.3368,0.1783,0.3042,0.1807
ED_KIEN_GIANG_RACH_GIA_CITY,2025-10-01,2025-12-01,2025,2 months,6.2966,3.665893113176068,7.6878,1,28,NA,234586,2.9372,0.4196,7,0.0519556597679684,0.0362,25,29.0885406760601,21.84912033803,14.6097,0.0214,0.0288,0.0682,0.8816
ED_KIEN_GIANG_TAN_HIEP_DISTRICT,2025-10-01,2025-12-01,2025,2 months,2.5023,2.070706037164434,6.3695,1,20,NA,127788,2.6665,0.5333,5,0.583307240906665,0.2587,9,8.34995228621738,5.79837614310869,3.2468,0.2587,0.1903,0.1917,0.3593
ED_LONG_AN_BEN_LUC_DISTRICT,2025-10-01,2025-12-01,2025,2 months,29.1592,12.012322212981752,64.2178,13,192,NA,188638,26.379,0.5862,45,0.344597795045168,0.175,96,96.6469346433901,75.6900173216951,54.7331,0.1713,0.1131,0.1851,0.5305
ED_LONG_AN_CAN_DUOC_DISTRICT,2025-10-01,2025-12-01,2025,2 months,17.4043,7.391583393326902,59.1288,12,177,NA,192299,24.57,0.585,42,0.806354881435203,0.2833,71,59.8846105567756,46.7504052783878,33.6162,0.3784,0.1401,0.1814,0.3001
ED_LONG_AN_CAN_GIUOC_DISTRICT,2025-10-01,2025-12-01,2025,2 months,20.3658,8.440184478517228,139.8172,25,418.049999999999,NA,222138,57.618,0.594,97,2.06645899482843,0.3753,140,79.7555132316785,62.5730066158393,45.3905,0.6936,0.1026,0.0938,0.11
ED_LONG_AN_CHAU_THANH_DISTRICT,2025-10-01,2025-12-01,2025,2 months,15.5481,7.716504443987796,44.6314,9,127,NA,112680,19.2605,0.5503,35,1.26103581968811,0.4073,44,34.607660748288,26.038680374144,17.4697,0.5503,0.1454,0.1619,0.1424
ED_LONG_AN_DUC_HOA_DISTRICT,2025-10-01,2025-12-01,2025,2 months,107.2484,51.40257892316294,204.8908,47,590.025,NA,329857,89.4179,0.6253,143,0.038543964103654,0.0293,567,678.33150028847,515.686550144235,353.0416,0.0163,0.0212,0.0737,0.8888
ED_LONG_AN_DUC_HUE_DISTRICT,2025-10-01,2025-12-01,2025,2 months,3.1178,2.069625931213057,9.5358,1,34,NA,68273,3.7424,0.4678,8,1.67605930783687,0.3493,10,5.41555147662262,3.77727573831131,2.139,0.6228,0.1787,0.0923,0.1062
ED_LONG_AN_MOC_HOA_TOWN,2025-10-01,2025-12-01,2025,2 months,6.1998,5.169211935605225,13.005,2,39,NA,73843,5.478,0.498,11,0.815595592240094,0.3195,15,12.7506458746945,8.68107293734726,4.6115,0.3991,0.2064,0.2565,0.138
ED_LONG_AN_TAN_AN_CITY,2025-10-01,2025-12-01,2025,2 months,23.0104,9.738756397898952,88.0396,22,233.025,NA,148961,39.7296,0.6408,62,1.57690493187633,0.4286,84,61.229162161377,47.6686310806885,34.1081,0.6408,0.1427,0.1166,0.0999
ED_LONG_AN_TAN_HUNG_DISTRICT,2025-10-01,2025-12-01,2025,2 months,3.455,2.501199832092591,9.097,1,29,NA,48789,3.724,0.532,7,1.92986660623761,0.4018,9,4.73815769505121,3.2177288475256,1.6973,0.6962,0.0907,0.17,0.0431
ED_LONG_AN_TAN_THANH_DISTRICT,2025-10-01,2025-12-01,2025,2 months,8.5333,4.683810939661405,17.3992,3,50.0249999999996,NA,79404,7.348,0.7348,10,1.09548248874619,0.3743,18,14.4378034576214,10.5940517288107,6.7503,0.4908,0.1939,0.19,0.1253
ED_LONG_AN_TAN_TRU_DISTRICT,2025-10-01,2025-12-01,2025,2 months,6.9724,3.807871876629108,30.5819,6,84,NA,68267,13.6505,0.5935,23,3.88153361747355,0.5153,26,10.3636661235011,7.53743306175056,4.7112,0.8914,0.0615,0.0357,0.0114
ED_LONG_AN_THANH_HOA_DISTRICT,2025-10-01,2025-12-01,2025,2 months,2.6605,1.921824417294434,6.7274,1,21,NA,57947,2.758,0.5516,5,1.34786788521029,0.5516,5,4.38024705325282,2.98302352662641,1.5858,0.5667,0.2364,0.1234,0.0735
ED_LONG_AN_THU_THUA_DISTRICT,2025-10-01,2025-12-01,2025,2 months,9.4153,5.053491831196405,27.2567,5,77,NA,100765,11.6035,0.5045,23,1.37661590011258,0.4007,27,19.7058401987845,14.6246700993923,9.5435,0.5874,0.1527,0.1493,0.1106
ED_LONG_AN_VINH_HUNG_DISTRICT,2025-10-01,2025-12-01,2025,2 months,6.4554,4.346918495905002,8.5877,1,27,NA,51569,3.5352,0.5892,6,0.825283662876392,0.2757,11,8.46338153611403,5.90994076805701,3.3565,0.3787,0.2105,0.1909,0.2199
ED_SOC_TRANG_CU_LAO_DUNG_DISTRICT,2025-10-01,2025-12-01,2025,2 months,4.0666,2.685271961748168,16.3876501140801,3,46,NA,57307,6.75,0.675,10,3.03338817954932,0.3547,18,5.99924418184122,4.16762209092061,2.336,0.8771,0.0508,0.0567,0.0154
ED_SOC_TRANG_KE_SACH_DISTRICT,2025-10-01,2025-12-01,2025,2 months,5.8617,4.470925186938685,35.6673143350725,7,106.025,NA,147148,14.6976,0.61240000000000006,24,1.67689658417445,0.3917,35,20.9567988898402,14.8003994449201,8.644,0.6829,0.1497,0.1201,0.0473
ED_SOC_TRANG_LONG_PHU_DISTRICT,2025-10-01,2025-12-01,2025,2 months,13.9786,8.461613435403027,77.0573362954304,18,219,NA,352780,32.67,0.594,55,0.434816953816006,0.2148,105,104.333143803777,76.8763719018884,49.4196,0.2148,0.1525,0.2873,0.3454
ED_SOC_TRANG_MY_TU_DISTRICT,2025-10-01,2025-12-01,2025,2 months,7.0489,5.300954517997696,36.2921109666081,7.23564827938092,113.186212370316,NA,182328,15.0436,0.6838,22,1.01616924195899,0.3397,38,29.573223079668,21.073111539834,12.573,0.485,0.2028,0.2096,0.1026
ED_SOC_TRANG_NGA_NAM_TOWN,2025-10-01,2025-12-01,2025,2 months,2.5663,2.2400236785820056,13.2878,2,43,NA,74820,5.626,0.5626,10,2.47122377794036,0.5626,10,5.60885210305738,3.77347605152869,1.9381,0.8201,0.11,0.0609,0.009
ED_SOC_TRANG_SOC_TRANG_CITY,2025-10-01,2025-12-01,2025,2 months,6.6617,5.198283882737894,30.2216,6,86,NA,144134,13.2572,0.6026,22,1.10433353494805,0.5451,24,23.8158344846799,16.71296724234,9.6101,0.5451,0.1987,0.1783,0.0779
ED_SOC_TRANG_THANH_TRI_DISTRICT,2025-10-01,2025-12-01,2025,2 months,1.6913,1.5862080303641006,8.5256,1,27,NA,58395,3.141,0.3141,10,2.58240278340198,0.3141,10,3.18012417049278,2.08396208524639,0.9878,0.8084,0.0869,0.1047,0
ED_SOC_TRANG_VINH_CHAU_TOWN,2025-10-01,2025-12-01,2025,2 months,11.2837,5.737273389040657,12.4693,2,35,NA,166809,5.3955,0.4905,11,0.0654394889378497,0.0607,28,35.9543391031242,27.3263195515621,18.6983,0.0242,0.0365,0.1264,0.8129
ED_TIEN_GIANG_CAI_BE_DISTRICT,2025-10-01,2025-12-01,2025,2 months,51.8495,23.87273005908724,70.2423,16,215,NA,297054,29.0004,0.6591,44,0.0228950838516534,0.0242,218,290.060175412324,221.686837706162,153.3135,0.0074,0.0152,0.0459,0.9315
ED_TIEN_GIANG_CAI_LAY_DISTRICT,2025-10-01,2025-12-01,2025,2 months,44.1772,17.919986404885332,60.6058,10,198,NA,323346,22.473,0.4086,55,0.0262228334695827,0.0304,190,252.605071880148,197.563135940074,142.5212,0.0081,0.0174,0.0434,0.9311
ED_TIEN_GIANG_CHAU_THANH_DISTRICT,2025-10-01,2025-12-01,2025,2 months,23.6236,14.490628725907209,72.6893984676504,13,282.931468738176,NA,267831,24.1766,0.4934,49,0.250551744161114,0.1173,142,136.94882353477,99.8053617673852,62.6619,0.1244,0.0845,0.1613,0.6298
ED_TIEN_GIANG_CHO_GAO_DISTRICT,2025-10-01,2025-12-01,2025,2 months,12.4378,6.159766670300366,75.2495921099499,19,202.012367687086,NA,190296,33.0642,0.6123,54,1.90975118933066,0.4597,68,44.9716461101399,34.28237305507,23.5931,0.7305,0.1248,0.095,0.0497
ED_TIEN_GIANG_GO_CONG_DONG_DISTRICT,2025-10-01,2025-12-01,2025,2 months,15.0321,6.5333251888913635,122.466363359171,24,342.440069118736,NA,312438,52.8351,0.6073,87,1.70665400992156,0.3981,123,82.5610850481304,64.8789925240652,47.1969,0.6348,0.112,0.1176,0.1356
ED_TIEN_GIANG_GO_CONG_TOWN,2025-10-01,2025-12-01,2025,2 months,5.7375,3.7393571679104043,47.286914107759,6,143,NA,101275,19.2906,0.4593,42,4.3937892736129,0.4593,42,13.4382530341785,9.66337651708926,5.8885,0.8723,0.0635,0.0453,0.0189
ED_TIEN_GIANG_MY_THO_CITY,2025-10-01,2025-12-01,2025,2 months,17.5333,9.409343477866479,62.8506,13,179,NA,231911,26.1744,0.5453,48,0.496210883656173,0.2821,77,81.974948566324,61.332924283162,40.6909,0.2479,0.1487,0.232,0.3714
ED_TIEN_GIANG_TAN_PHUOC_DISTRICT,2025-10-01,2025-12-01,2025,2 months,3.71,2.648735845673935,16.6519,3,46,NA,66502,7.2915,0.4861,15,3.04117725890633,0.4861,15,6.49278791504904,4.49404395752452,2.4953,0.8434,0.0766,0.0567,0.0233
ED_TRA_VINH_CANG_LONG_DISTRICT,2025-10-01,2025-12-01,2025,2 months,12.0099,6.64818936494616,29.0147112561805,6,81,NA,148908,12.838,0.6419,20,0.512942367236552,0.2985,34,36.644065259063,27.2546326295315,17.8652,0.2531,0.1749,0.2694,0.3026
ED_TRA_VINH_CAU_KE_DISTRICT,2025-10-01,2025-12-01,2025,2 months,2.4177,1.936492114667916,17.8438404290631,3,49,NA,103552,7.467,0.7467,10,3.18983976074951,0.4365,17,6.49205914130569,4.51232957065284,2.5326,0.8803,0.0619,0.0462,0.0116
ED_TRA_VINH_CAU_NGANG_DISTRICT,2025-10-01,2025-12-01,2025,2 months,3.1727,2.465052201929165,15.4698996454186,2,64.0691836570231,NA,122313,5.364,0.5364,10,1.26613229075614,0.3003,16,9.64914097140464,6.78352048570232,3.9179,0.5395,0.1703,0.1924,0.0978
ED_TRA_VINH_CHAU_THANH_DISTRICT,2025-10-01,2025-12-01,2025,2 months,9.7217,6.963928398531535,42.4937,9,133.025,NA,145270,17.3796,0.6207,28,0.995298746020401,0.3958,40,34.7714458951253,24.6120229475627,14.4526,0.4807,0.2114,0.214,0.0939
ED_TRA_VINH_TIEU_CAN_DISTRICT,2025-10-01,2025-12-01,2025,2 months,2.8733,2.6135282977263325,21.0211332796763,4,63,NA,108914,8.703,0.5802,15,2.43114424422097,0.5802,15,8.78072673976274,5.94111336988137,3.1015,0.8393,0.1011,0.045,0.0146
ED_TRA_VINH_TRA_CU_DISTRICT,2025-10-01,2025-12-01,2025,2 months,8.9607,6.496766604060112,37.463592884294,6,136.755642066217,NA,275826,13.7816,0.4922,28,0.360323958169871,0.1689,58,55.89034618808,40.07072309404,24.2511,0.1755,0.126,0.2533,0.4452
ED_TRA_VINH_TRA_VINH_CITY,2025-10-01,2025-12-01,2025,2 months,7.3691,4.63601277515983,40.3252,8.97500000000002,119,NA,115099,17.0525,0.6821,25,2.34003413269155,0.4667,35,19.0974516309501,13.8212258154751,8.545,0.8003,0.1113,0.0634,0.025
ED_VINH_LONG_BINH_MINH_TOWN,2025-10-01,2025-12-01,2025,2 months,17.9839,12.763562654806233,47.8864,7,148,NA,192379,19.6581,0.5957,33,0.301354680434316,0.2203,66,80.6869994625874,57.4506997312937,34.2144,0.1353,0.1429,0.2871,0.4347
ED_VINH_LONG_LONG_HO_DISTRICT,2025-10-01,2025-12-01,2025,2 months,24.4419,9.478386380119618,44.3832,10,125,NA,168493,19.4848,0.6089,32,0.278518279233916,0.1447,70,71.1287686659044,56.1189343329522,41.1091,0.1352,0.0926,0.1887,0.5835
ED_VINH_LONG_MANG_THIT_DISTRICT,2025-10-01,2025-12-01,2025,2 months,8.4262,4.175846899699865,29.7567,6,81,NA,96496,13.1802,0.5991,22,2.13602443456281,0.5182,25,16.3398359172911,12.2587179586456,8.1776,0.746,0.1089,0.0901,0.055
ED_VINH_LONG_TAM_BINH_DISTRICT,2025-10-01,2025-12-01,2025,2 months,12.3549,5.817983403473089,20.5387,3,59,NA,152446,8.5356,0.4742,18,0.313455666371882,0.1704,34,35.3358396743224,27.0113698371612,18.6869,0.15,0.1073,0.1883,0.5544
ED_VINH_LONG_TRA_ON_DISTRICT,2025-10-01,2025-12-01,2025,2 months,8.5008,4.9565165253034875,25.7962,5,71,NA,130208,11.4171,0.6009,19,0.956865829355495,0.3984,26,23.5154534130414,17.3314767065207,11.1475,0.4525,0.1791,0.1977,0.1707
ED_VINH_LONG_VINH_LONG_CITY,2025-10-01,2025-12-01,2025,2 months,28.5585,11.71301401090778,39.4014,9,111,NA,139810,17.1612,0.6356,27,0.204326775039431,0.1545,61,71.7015500131189,55.9058250065595,40.1101,0.0972,0.0945,0.1702,0.6381
ED_VINH_LONG_VUNG_LIEM_DISTRICT,2025-10-01,2025-12-01,2025,2 months,10.123,5.127913859461273,34.6789,7,102,NA,149798,14.4172,0.5149,28,1.05298388910539,0.3617,36,29.429411459329,22.2185557296645,15.0077,0.4729,0.1638,0.1742,0.1891
ED_AN_GIANG_AN_PHU_DISTRICT,2025-10-01,2026-01-01,2026,3 months,16.6492,8.05265322005041,50.2378,8,159,NA,148259,20.3112,0.5642,36,0.837621162720859,0.2955,57,47.4974049481043,36.1114524740521,24.7255,0.3898,0.1578,0.1979,0.2545
ED_AN_GIANG_CHAU_DOC_CITY,2025-10-01,2026-01-01,2026,3 months,13.0254,6.3546512885680775,23.2003882101945,4,73.0076912890173,NA,101612,9.3908,0.5524,17,0.596809042889753,0.2842,27,26.3431841218368,19.7724920609184,13.2018,0.2872,0.1691,0.2123,0.3314
ED_AN_GIANG_CHAU_PHU_DISTRICT,2025-10-01,2026-01-01,2026,3 months,29.2101,11.672805293859007,45.9424662303665,9,138,NA,206321,19.3056,0.6033,32,0.113287324847282,0.0777,95,107.77811037308,84.2018551865402,60.6256,0.0536,0.052,0.1207,0.7737
ED_AN_GIANG_CHAU_THANH_DISTRICT,2025-10-01,2026-01-01,2026,3 months,18.7644,7.157626408354949,27.5395460723824,4,110.56275900175,NA,151069,9.8382,0.5178,19,0.288476495225853,0.073,68,48.3891918441893,38.3412959220946,28.2934,0.1252,0.06,0.1145,0.7003
ED_AN_GIANG_CHO_MOI_DISTRICT,2025-10-01,2026-01-01,2026,3 months,46.9655,20.075761837881448,70.6054837186981,14,221.025,NA,307715,28.6,0.572,50,0.0344200967355711,0.0408,195,263.848882828647,204.310091414323,144.7713,0.0122,0.0215,0.0515,0.9148
ED_AN_GIANG_LONG_XUYEN_CITY,2025-10-01,2026-01-01,2026,3 months,22.6151,9.747597322179221,44.5982,6,141,NA,272838,18.0495,0.5157,35,0.108540339077165,0.0816,94,110.083557499727,86.0728287498633,62.0621,0.0515,0.0482,0.1111,0.7892
ED_AN_GIANG_PHU_TAN_DISTRICT,2025-10-01,2026-01-01,2026,3 months,24.2527,10.840636265896247,37.2391,6,113,NA,188532,15.4467,0.5721,27,0.130303981660274,0.0836,76,84.5859479614756,65.1316739807378,45.6774,0.0596,0.059,0.1391,0.7423
ED_AN_GIANG_TAN_CHAU_TOWN,2025-10-01,2026-01-01,2026,3 months,17.881,8.552681090475872,40.6877246471077,5,205.391253805702,NA,140901,11.9324,0.5188,23,0.532141022803884,0.078,105,48.5931626009357,36.8961313004678,25.1991,0.1976,0.0856,0.1693,0.5475
ED_AN_GIANG_THOAI_SON_DISTRICT,2025-10-01,2026-01-01,2026,3 months,16.8273,8.213429293058729,39.077989788575,6,130,NA,163251,14.9525,0.5981,25,0.43222955906765,0.1558,63,53.1197974604772,40.3589487302386,27.5981,0.2124,0.1225,0.2036,0.4615
ED_AN_GIANG_TINH_BIEN_DISTRICT,2025-10-01,2026-01-01,2026,3 months,20.6793,12.489013133747017,40.9480356837018,6,124.025,NA,108390,16.2995,0.4657,35,0.537886533299696,0.2742,50,50.5313665292463,36.6728832646231,22.8144,0.2646,0.1696,0.2348,0.331
ED_AN_GIANG_TRI_TON_DISTRICT,2025-10-01,2026-01-01,2026,3 months,8.3837,4.989846106486316,18.5601,2,62,NA,117377,7.3276,0.5234,14,0.595597674027669,0.2828,22,21.3873268455836,15.6114134227918,9.8355,0.2828,0.1657,0.245,0.3065
ED_BAC_LIEU_BAC_LIEU_CITY,2025-10-01,2026-01-01,2026,3 months,3.8821,3.0519388957025844,27.4144,3,94,NA,159470,10.6128,0.4824,22,1.74275069555444,0.3724,27,15.0663983962789,10.6131991981394,6.16,0.6333,0.1479,0.1223,0.0965
ED_BAC_LIEU_DONG_HAI_DISTRICT,2025-10-01,2026-01-01,2026,3 months,6.9468,4.342655365736793,31.7293,5,104,NA,155713,12.588,0.5245,24,1.1617612682563,0.3648,32,24.162956496829,17.5474782484145,10.932,0.5022,0.1618,0.1859,0.1501
ED_BAC_LIEU_GIA_RAI_TOWN,2025-10-01,2026-01-01,2026,3 months,4.2865,2.8188672106424457,19.1103,3,60,NA,146410,7.8288,0.4893,16,1.29360701733526,0.3888,19,13.9529633801099,10.150131690055,6.3473,0.5551,0.1177,0.1695,0.1577
ED_BAC_LIEU_HONG_DAN_DISTRICT,2025-10-01,2026-01-01,2026,3 months,6.573,6.260398570300929,6.4693,1,20,NA,114025,2.7312,0.4552,6,0.074154121660618,0.0823,14,21.9018348501709,14.7116674250855,7.5215,0.0195,0.0501,0.2219,0.7085
ED_BAC_LIEU_PHUOC_LONG_DISTRICT,2025-10-01,2026-01-01,2026,3 months,2.7294,2.127352392722062,13.168809337544,2,43,NA,126624,5.185,0.5185,10,1.41548054274,0.264,17,8.50583862805723,5.97906931402861,3.4523,0.5782,0.1678,0.1291,0.1249
ED_BAC_LIEU_VINH_LOI_DISTRICT,2025-10-01,2026-01-01,2026,3 months,4.0996,2.8054352401523492,23.4722324109174,3,72.0045646954763,NA,222928,9.671,0.509,19,1.07522527083996,0.3008,28,19.6965997288484,14.4230998644242,9.1496,0.4782,0.1515,0.1704,0.1999
ED_BEN_TRE_BA_TRI_DISTRICT,2025-10-01,2026-01-01,2026,3 months,3.9695,2.970799945339895,39.7942729638171,5,131,NA,186589,15.7632,0.4926,32,2.50745878536674,0.4031,38,17.2563107495152,12.3412553747576,7.4262,0.7468,0.1036,0.0872,0.0624
ED_BEN_TRE_BEN_TRE_CITY,2025-10-01,2026-01-01,2026,3 months,4.5073,3.6585906082156625,26.5587669401733,4,85,NA,125750,10.5162,0.6186,17,1.7386964791986,0.43120000000000003,24,14.7616986141469,10.2157993070735,5.6699,0.6836,0.1269,0.1396,0.0499
ED_BEN_TRE_BINH_DAI_DISTRICT,2025-10-01,2026-01-01,2026,3 months,3.1465,2.3796226613480216,31.7666,3,100,NA,138451,12.9735,0.4805,27,3.52566650058678,0.4805,27,10.5130756620982,7.42418783104911,4.3353,0.8263,0.0702,0.0599,0.0436
ED_BEN_TRE_CHAU_THANH_DISTRICT,2025-10-01,2026-01-01,2026,3 months,5.8539,4.227782185049322,25.2085319914452,4,80.5887940829194,NA,177323,9.82,0.491,20,0.839821656567134,0.3183,28,23.68647869782,16.93033934891,10.1742,0.4027,0.1718,0.2022,0.2233
ED_BEN_TRE_CHO_LACH_DISTRICT,2025-10-01,2026-01-01,2026,3 months,5.413,3.7032691530919037,19.2572834753529,3,58.8579780259752,NA,112217.5,7.74,0.43,18,1.2508774256367,0.43,18,14.2676141248164,10.1616570624082,6.0557,0.5386,0.1587,0.1696,0.1331
ED_BEN_TRE_GIONG_TROM_DISTRICT,2025-10-01,2026-01-01,2026,3 months,3.0354,2.75261775959777,31.6496,4,104,NA,171464,12.2725,0.4909,25,2.35134397371941,0.3296,35,13.5154340730914,9.33061703654568,5.1458,0.7515,0.1089,0.0942,0.0454
ED_BEN_TRE_MO_CAY_DISTRICT,2025-10-01,2026-01-01,2026,3 months,9.7866,5.8862148442372755,34.1467,4,124.025,NA,258763,12.8196,0.4748,27,0.351021639127321,0.1572,56,52.7993930228775,39.0606465114388,25.3219,0.1736,0.1147,0.2029,0.5088
ED_BEN_TRE_THANH_PHU_DISTRICT,2025-10-01,2026-01-01,2026,3 months,4.7082,3.4919725295618695,24.148,3,80,NA,128770,9.4418,0.5554,17,1.60336258853004,0.3565,25,14.4461750418515,10.2204375209257,5.9947,0.6135,0.1301,0.1682,0.0882
ED_CAN_THO_BINH_THUY_URBAN_DISTRICT,2025-10-01,2026-01-01,2026,3 months,15.6666,6.478073863742093,39.8073,7,123,NA,150528,16.6895,0.5755,29,0.717627149201495,0.2256,53,42.1211544805005,32.9093772402502,23.6976,0.332,0.1604,0.1882,0.3194
ED_CAN_THO_CAI_RANG_URBAN_DISTRICT,2025-10-01,2026-01-01,2026,3 months,10.5065,4.584283948004486,18.1682618290276,3,54.2875493362038,NA,108071,7.7322,0.5523,14,0.599932657637079,0.2529,23,21.1698086535233,16.2527543267616,11.3357,0.2805,0.1556,0.2069,0.357
ED_CAN_THO_CO_DO_DISTRICT,2025-10-01,2026-01-01,2026,3 months,13.9216,5.560624559754907,31.3858831730992,4,113.469848525506,NA,222960,11.552,0.5776,20,0.311465089812785,0.0947,66,52.3270600391358,41.7193800195679,31.1117,0.1461,0.0771,0.1127,0.6641
ED_CAN_THO_NINH_KIEU_URBAN_DISTRICT,2025-10-01,2026-01-01,2026,3 months,28.7258,10.783174024572006,64.9505,10,209,NA,294874,25.7601,0.5051,51,0.156215924483571,0.0722,148,143.25010437561,114.226352187805,85.2026,0.0763,0.0476,0.099,0.7771
ED_CAN_THO_O_MON_URBAN_DISTRICT,2025-10-01,2026-01-01,2026,3 months,10.977,5.440407227688044,20.0956,3,60,NA,129487,8.4032,0.5252,16,0.426742212544071,0.2173,28,28.2477508466071,21.3964254233036,14.5451,0.2015,0.1347,0.2234,0.4404
ED_CAN_THO_PHONG_DIEN_DISTRICT,2025-10-01,2026-01-01,2026,3 months,4.0204,2.486121863503883,18.082,3,57,NA,97890,7.2506,0.5179,14,2.16449779786957,0.4769,15,8.80549435278553,6.36544717639276,3.9254,0.7441,0.0908,0.1164,0.0487
ED_CAN_THO_THOT_NOT_URBAN_DISTRICT,2025-10-01,2026-01-01,2026,3 months,16.6661,9.589432022317643,17.2439,2,60,NA,156484,6.504,0.6504,10,0.068928862945678,0.0662,41,54.9122224450585,40.4018612225293,25.8915,0.0333,0.0329,0.1059,0.8279
ED_CAN_THO_VINH_THANH_DISTRICT,2025-10-01,2026-01-01,2026,3 months,9.6881,8.013902960110348,9.4299,1,35,NA,98582,3.6488,0.4561,8,0.11827245717172,0.098,19,25.2684807561118,17.3650903780559,9.4617,0.0496,0.0587,0.2263,0.6654
ED_CA_MAU_CAI_NUOC_DISTRICT,2025-10-01,2026-01-01,2026,3 months,10.7305,7.567244945791497,27.0741065209875,4,82,NA,137648,10.948,0.476,23,0.502585853267376,0.2955,32,35.0171956933678,24.9330478466839,14.8489,0.2416,0.1907,0.2443,0.3234
ED_CA_MAU_CA_MAU_CITY,2025-10-01,2026-01-01,2026,3 months,15.5759,8.02662331607668,49.2652363826572,6.72370103452284,163.049750087179,NA,231376,19.1114,0.5621,34,0.37201330973789,0.1363,84,71.241212498217,53.7483562491085,36.2555,0.1844,0.1288,0.2052,0.4816
ED_CA_MAU_DAM_DOI_DISTRICT,2025-10-01,2026-01-01,2026,3 months,10.195,7.730766551587721,46.7651,6,163,NA,176563,17.493,0.5145,34,0.752520744967305,0.3605,46,44.8193429348143,31.3162714674072,17.8132,0.37,0.1765,0.2491,0.2044
ED_CA_MAU_NAM_CAN_DISTRICT,2025-10-01,2026-01-01,2026,3 months,1.4148,1.4477398091699714,16.3593,2,54,NA,56745,6.363,0.4545,14,5.8016482220848,0.4545,14,2.88959123352098,1.85749561676049,0.8254,0.9585,0.0283,0.0132,0
ED_CA_MAU_NGOC_HIEN_DISTRICT,2025-10-01,2026-01-01,2026,3 months,4.2305,3.377115668884337,9.3711,1,31,NA,67381,3.7134,0.6189,6,0.995667629193675,0.266,12,7.75262545292196,5.31596272646098,2.8793,0.4759,0.143,0.2671,0.114
ED_CA_MAU_PHU_TAN_DISTRICT,2025-10-01,2026-01-01,2026,3 months,9.3121,5.549574160900702,29.1341,4,90,NA,99412,11.7599,0.5113,23,1.376491110973,0.4235,27,20.1564611046128,14.6828305523064,9.2092,0.5599,0.1614,0.1416,0.1371
ED_CA_MAU_THOI_BINH_DISTRICT,2025-10-01,2026-01-01,2026,3 months,3.3596,2.4831642012652013,19.4671,3,61,NA,137826,8.106,0.5404,15,1.76092429206824,0.5404,15,11.0164863673415,7.85134318367074,4.6862,0.6557,0.1741,0.1059,0.0643
ED_CA_MAU_TRAN_VAN_THOI_DISTRICT,2025-10-01,2026-01-01,2026,3 months,9.8616,5.603283423004038,26.5394,4,84,NA,197866,10.7058,0.5098,21,0.380004126946364,0.188,40,39.7838585210974,29.6356792605487,19.4875,0.188,0.1325,0.2143,0.4652
ED_CA_MAU_U_MINH_DISTRICT,2025-10-01,2026-01-01,2026,3 months,1.1708,1.2388627196278885,9.6385,1,29,NA,102290,3.7401,0.5343,7,2.39755242925342,0.5343,7,3.79151615304367,2.50155807652184,1.2116,0.8314,0.0762,0.0613,0.0311
ED_DONG_THAP_CAO_LANH_CITY,2025-10-01,2026-01-01,2026,3 months,19.0479,10.244535159784654,50.8771428288933,10,148,NA,165468,21.6191,0.5843,37,0.491671735514453,0.2635,63,65.2273893830159,48.614144691508,32.0009,0.2381,0.1704,0.2428,0.3487
ED_DONG_THAP_CAO_LANH_DISTRICT,2025-10-01,2026-01-01,2026,3 months,87.3922,87.95295419356383,57.8212637736602,9,183,NA,198233,23.2027,0.6271,37,0.00417834774480213,0.0063,292,528.86112566157,351.672012830785,174.4829,2e-4,0.0023,0.0276,0.9699
ED_DONG_THAP_CHAU_THANH_DISTRICT,2025-10-01,2026-01-01,2026,3 months,6.6527,4.264305469840782,29.5417,5,92,NA,147227,11.9278,0.5186,23,1.20060611013689,0.367,30,22.1894203462259,16.0461601731129,9.9029,0.5186,0.1633,0.1947,0.1234
ED_DONG_THAP_HONG_NGU_DISTRICT,2025-10-01,2026-01-01,2026,3 months,18.7277,13.3326339716825,61.3375,9,213.025,NA,196342,23.1714,0.5517,42,0.37780350647686,0.2436,76,87.3256461001906,62.1061230500953,36.8866,0.1853,0.1501,0.2827,0.3819
ED_DONG_THAP_LAI_VUNG_DISTRICT,2025-10-01,2026-01-01,2026,3 months,19.1732,12.60218565441435,22.8899279603445,3,72.6697007418653,NA,164769,9.4212,0.5234,18,0.0671598397776827,0.0558,56,72.1561145402943,51.8701572701472,31.5842,0.0257,0.0416,0.1427,0.79
ED_DONG_THAP_LAP_VO_DISTRICT,2025-10-01,2026-01-01,2026,3 months,9.2424,4.566062541480709,26.6707175384933,4,84.809395426324,NA,179143,10.572,0.4405,24,0.586031436390055,0.2372,35,31.4931513001132,24.0416256500566,16.5901,0.2863,0.1347,0.2033,0.3757
ED_DONG_THAP_SA_DEC_CITY,2025-10-01,2026-01-01,2026,3 months,6.5563,3.8613626250498947,21.5225,4,64,NA,106757,9.081,0.6054,15,1.40455272153783,0.3992,21,14.9094403525466,10.8983201762733,6.8872,0.6054,0.1581,0.1491,0.0874
ED_DONG_THAP_TAM_NONG_DISTRICT,2025-10-01,2026-01-01,2026,3 months,5.3209,3.6579312782122644,13.9872,2,48,NA,100297,5.551,0.427,13,0.919543564982174,0.3497,15,12.675350998324,8.982625499162,5.2899,0.427,0.1798,0.1729,0.2203
ED_DONG_THAP_TAN_HONG_DISTRICT,2025-10-01,2026-01-01,2026,3 months,5.7845,3.727284402202425,16.6597,2,53,NA,75206,6.7256,0.4804,14,1.62795177557614,0.3779,17,10.2191940884978,7.2810970442489,4.343,0.5995,0.1403,0.1498,0.1104
ED_DONG_THAP_THANH_BINH_DISTRICT,2025-10-01,2026-01-01,2026,3 months,9.251,6.994547259768634,23.9275,3,81.0249999999997,NA,134502,9.2841,0.4421,21,0.520718338229707,0.2314,33,30.7190410501993,21.6059705250996,12.4929,0.2554,0.1674,0.2279,0.3493
ED_DONG_THAP_THAP_MUOI_DISTRICT,2025-10-01,2026-01-01,2026,3 months,7.934,3.987108438877771,19.8678,3,66,NA,132306,7.6818,0.5487,14,0.793661868468774,0.2685,25,20.3009573797874,15.3851786898937,10.4694,0.3464,0.1361,0.1772,0.3403
ED_HAU_GIANG_CHAU_THANH_A_DISTRICT,2025-10-01,2026-01-01,2026,3 months,2.4544,1.863938858119193,7.61597877181154,1,25.4878929506005,NA,96977,2.9211,0.4173,7,1.08098165741598,0.4173,7,5.94179447800685,4.14949723900342,2.3572,0.5043,0.1127,0.2187,0.1643
ED_HAU_GIANG_CHAU_THANH_DISTRICT,2025-10-01,2026-01-01,2026,3 months,3.3957,2.2893330064805895,9.15024709260959,1.80477845262279,27,NA,87511,3.7585,0.7517,5,1.06050124539743,0.3663,9,7.13218641475617,5.04564320737808,2.9591,0.5071,0.1671,0.2358,0.09
ED_HAU_GIANG_LONG_MY_DISTRICT,2025-10-01,2026-01-01,2026,3 months,1.2294,1.3126873027478705,6.977,1,24,NA,138784,2.7695,0.5539,5,1.27161571044607,0.3929,7,4.98000812294112,3.34635406147056,1.7127,0.5539,0.0995,0.2517,0.0949
ED_HAU_GIANG_NGA_BAY_CITY,2025-10-01,2026-01-01,2026,3 months,5.2961,3.152398856720892,22.1753,4,67,NA,242394,9.2484,0.5138,18,0.628784544432005,0.2589,28,25.3146657674213,19.0504328837107,12.7862,0.2963,0.1562,0.2382,0.3093
ED_HAU_GIANG_VI_THANH_CITY,2025-10-01,2026-01-01,2026,3 months,1.514,1.4928586211313744,6.0145,1,18,NA,72851,2.538,0.5076,5,1.61676500982612,0.5076,5,3.54844371193681,2.3236218559684,1.0988,0.6201,0.1338,0.1362,0.1099
ED_HAU_GIANG_VI_THUY_DISTRICT,2025-10-01,2026-01-01,2026,3 months,1.1717,1.1994010864996871,4.8979,1,17,NA,89776,1.785,0.2975,6,1.31563123877626,0.2975,6,3.28504409682395,2.16422204841198,1.0434,0.5015,0.1507,0.1813,0.1665
ED_KIEN_GIANG_AN_MINH_DISTRICT,2025-10-01,2026-01-01,2026,3 months,6.24,3.4303318669877654,30.1562,4,116,NA,383364,10.6418,0.4093,26,0.393502470241308,0.1604,49,44.3285584282406,34.0221792141203,23.7158,0.1841,0.0929,0.1729,0.5501
ED_KIEN_GIANG_CHAU_THANH_DISTRICT,2025-10-01,2026-01-01,2026,3 months,2.6273,2.115949534899976,7.7723,1,25,NA,164512,2.757,0.4595,6,0.442917579418025,0.2323,10,10.2801273217904,7.27891366089518,4.2777,0.2323,0.1572,0.2427,0.3678
ED_KIEN_GIANG_GIONG_RIENG_DISTRICT,2025-10-01,2026-01-01,2026,3 months,7.7704,6.015671423063848,11.69,1,39,NA,224683,4.5765,0.5085,9,0.0600364668909292,0.0574,30,41.6614696464104,29.4385848232052,17.2157,0.0208,0.0366,0.1301,0.8125
ED_KIEN_GIANG_GO_QUAO_DISTRICT,2025-10-01,2026-01-01,2026,3 months,1.064,1.1684350748126338,7.8268342502202,1,47.2315399295361,NA,135470,2.1525,0.1025,21,1.39982477165977,0.1025,21,4.32199922554275,2.89124961277138,1.4605,0.3617,0.2301,0.1882,0.22
ED_KIEN_GIANG_HA_TIEN_CITY,2025-10-01,2026-01-01,2026,3 months,1.2276,1.6665761271537403,11.2885906104673,0.730789104598804,40,NA,49500,4.4297,0.4027,11,3.90851479619442,0.4027,11,2.78330705271368,1.71700352635684,0.6507,0.8138,0.0855,0.0885,0.0122
ED_KIEN_GIANG_HON_DAT_DISTRICT,2025-10-01,2026-01-01,2026,3 months,1.8988,1.6721956176890256,19.451718569697,1,134.970181818182,NA,159072,5.5458,0.1027,54,2.25470244944585,0.0907,61,7.69392272851103,5.36196136425551,3.03,0.426,0.1042,0.1578,0.312
ED_KIEN_GIANG_KIEN_LUONG_DISTRICT,2025-10-01,2026-01-01,2026,3 months,2.7816,2.3054789010737724,8.96654353248843,1,27.4069603701468,NA,108992,3.7016,0.4627,8,0.958721889238069,0.2993,11,8.01530490560625,5.53470245280313,3.0541,0.417,0.1888,0.1936,0.2006
ED_KIEN_GIANG_RACH_GIA_CITY,2025-10-01,2026-01-01,2026,3 months,4.2468,2.7364646140336597,8.3361,1,30,NA,234586,3.0737,0.4391,7,0.160557250893691,0.1114,18,21.0672601359505,15.5775800679753,10.0879,0.0662,0.0782,0.1333,0.7223
ED_KIEN_GIANG_TAN_HIEP_DISTRICT,2025-10-01,2026-01-01,2026,3 months,1.6956,1.5707282892772618,5.1341,1,18,NA,127788,2.1012,0.5253,4,0.67275200570787,0.2584,7,5.87758934937338,4.01784467468669,2.1581,0.3237,0.0896,0.2616,0.3251
ED_LONG_AN_BEN_LUC_DISTRICT,2025-10-01,2026-01-01,2026,3 months,26.8,10.814614907131874,51.9959,8,178,NA,188638,20.0031,0.5129,39,0.267851229736444,0.1046,101,90.0363103795401,70.48340518977,50.9305,0.1279,0.0769,0.1614,0.6338
ED_LONG_AN_CAN_DUOC_DISTRICT,2025-10-01,2026-01-01,2026,3 months,16.799,7.158276544833207,44.8915,6,153,NA,192299,17.6173,0.5683,31,0.51937064780517594,0.2047,64,57.2162019327427,44.5888009663714,31.9614,0.2457,0.1213,0.183,0.45
ED_LONG_AN_CAN_GIUOC_DISTRICT,2025-10-01,2026-01-01,2026,3 months,23.9503,10.214296994718218,103.6301,17,333.025,NA,222138,41.02,0.586,70,0.8730172274259,0.2666,123,95.6094424979156,74.1204712489578,52.6315,0.3941,0.1497,0.19,0.2662
ED_LONG_AN_CHAU_THANH_DISTRICT,2025-10-01,2026-01-01,2026,3 months,14.7434,7.339614665249357,34.7121,6,109,NA,112680,14.105,0.5642,25,0.811278656267876,0.3086,39,33.6973483725576,25.2657241862788,16.8341,0.3834,0.1592,0.2152,0.2422
ED_LONG_AN_DUC_HOA_DISTRICT,2025-10-01,2026-01-01,2026,3 months,105.9214,48.435516121563076,152.8362,26,506,NA,329857,60.3206,0.5534,109,0.0271317832298617,0.0152,625,658.478445676078,502.775072838039,347.0717,0.0126,0.0127,0.0378,0.9369
ED_LONG_AN_DUC_HUE_DISTRICT,2025-10-01,2026-01-01,2026,3 months,2.638,1.8451819611211693,8.3426,1,33,NA,68273,2.9752,0.3719,8,1.54069682788234,0.3719,8,4.80423386895566,3.31281693447783,1.8214,0.6095,0.111,0.2205,0.059
ED_LONG_AN_MOC_HOA_TOWN,2025-10-01,2026-01-01,2026,3 months,5.986,5.865069812405513,10.5921,1,36,NA,73843,4.0524,0.3684,11,0.568992681300769,0.2311,15,13.0079061167061,8.69700305835307,4.3861,0.2615,0.201,0.2662,0.2713
ED_LONG_AN_TAN_AN_CITY,2025-10-01,2026-01-01,2026,3 months,25.871,11.152147597642525,66.7577,13,199,NA,148961,28.0852,0.5401,52,0.692953429732629,0.3101,75,71.2038425720129,55.0233212860065,38.8428,0.3351,0.1625,0.2013,0.3011
ED_LONG_AN_TAN_HUNG_DISTRICT,2025-10-01,2026-01-01,2026,3 months,2.4578,1.905251206065967,7.6716,1,28,NA,48789,2.9386,0.4198,7,2.05482721941909,0.3655,8,3.6201149744147,2.41085748720735,1.2016,0.6763,0.1133,0.1213,0.0891
ED_LONG_AN_TAN_THANH_DISTRICT,2025-10-01,2026-01-01,2026,3 months,8.2392,4.466405516500241,13.4486,2,41,NA,79404,5.619,0.5619,10,0.759636863779485,0.2462,18,13.9731371253907,10.2632685626953,6.5534,0.3817,0.1267,0.2193,0.2723
ED_LONG_AN_TAN_TRU_DISTRICT,2025-10-01,2026-01-01,2026,3 months,6.9019,3.7040583681739525,23.2488,4,73,NA,68267,9.4965,0.6331,15,2.5559890720646,0.4454,21,10.4039188357257,7.56970941786284,4.7355,0.7692,0.0993,0.0881,0.0434
ED_LONG_AN_THANH_HOA_DISTRICT,2025-10-01,2026-01-01,2026,3 months,2.3065,1.7411090994218623,5.6804,1,19,NA,57947,2.2936,0.5734,4,1.33286537999876,0.4508,5,3.81637567435736,2.57913783717868,1.3419,0.585,0.1423,0.155,0.1177
ED_LONG_AN_THU_THUA_DISTRICT,2025-10-01,2026-01-01,2026,3 months,8.1472,4.506702031011106,21.577,3,70,NA,100765,8.754,0.5836,15,1.15577032063283,0.3416,23,16.9389807621421,12.5577403810711,8.1765,0.514,0.1418,0.1588,0.1854
ED_LONG_AN_VINH_HUNG_DISTRICT,2025-10-01,2026-01-01,2026,3 months,4.4,3.0419278973265054,6.5353,1,21,NA,51569,2.6004,0.4334,6,0.893811370468702,0.4334,6,5.88590576106225,4.05525288053112,2.2246,0.4334,0.1,0.2519,0.2147
ED_SOC_TRANG_CU_LAO_DUNG_DISTRICT,2025-10-01,2026-01-01,2026,3 months,3.159,2.22576153292309,12.2439945247027,2,36.4596331885393,NA,57307,5.0661,0.5629,9,2.6819050577618,0.5053,10,4.892929125239,3.3488645626195,1.8048,0.8242,0.0733,0.0867,0.0158
ED_SOC_TRANG_KE_SACH_DISTRICT,2025-10-01,2026-01-01,2026,3 months,5.2215,3.8452199315035496,28.6857285008812,4,97.5731411520407,NA,147148,10.9155,0.5745,19,1.44511753359049,0.3521,29,18.0537696938362,12.8518848469181,7.65,0.5745,0.1683,0.1511,0.1061
ED_SOC_TRANG_LONG_PHU_DISTRICT,2025-10-01,2026-01-01,2026,3 months,12.5103,7.068811124869012,59.0024552260309,11.9872509310354,182.206214151738,NA,352780,24.3315,0.5407,45,0.327581983934104,0.1879,85,90.93789834639,67.798599173195,44.6593,0.1622,0.124,0.2545,0.4593
ED_SOC_TRANG_MY_TU_DISTRICT,2025-10-01,2026-01-01,2026,3 months,6.794,4.826996373460306,29.8065641136119,4,99,NA,182328,11.6402,0.5291,22,0.782471464884933,0.2462,38,28.4909438038554,20.4200719019277,12.3492,0.3848,0.1717,0.2162,0.2273
ED_SOC_TRANG_NGA_NAM_TOWN,2025-10-01,2026-01-01,2026,3 months,2.2565,1.9971245831595148,10.4031,1,35,NA,74820,4.1832,0.5229,8,2.0317482332181,0.4638,9,5.05402864866869,3.39651432433434,1.739,0.6676,0.1649,0.1363,0.0312
ED_SOC_TRANG_SOC_TRANG_CITY,2025-10-01,2026-01-01,2026,3 months,6.2548,4.715071595428324,25.7313,4,80,NA,144134,10.642,0.5321,20,1.00312547422435,0.43,24,21.8621612169717,15.4393306084858,9.0165,0.479,0.1629,0.182,0.1761
ED_SOC_TRANG_THANH_TRI_DISTRICT,2025-10-01,2026-01-01,2026,3 months,1.6332,1.5158784742699118,7.0472,1,23,NA,58395,2.441,0.4882,5,1.813593391713,0.4018,6,3.20457581494934,2.09248790747467,0.9804,0.7,0.1226,0.1774,0
ED_SOC_TRANG_VINH_CHAU_TOWN,2025-10-01,2026-01-01,2026,3 months,9.0485,4.615937438683911,10.5293,1,33,NA,166809,4.1503,0.3773,11,0.0893925737939766,0.1047,21,28.9849157489959,22.018507874498,15.0521,0.0399,0.0385,0.1231,0.7985
ED_TIEN_GIANG_CAI_BE_DISTRICT,2025-10-01,2026-01-01,2026,3 months,36.1574,16.42448786477563,59.9314,9,190.025,NA,297054,23.961,0.489,49,0.0509409884325794,0.0423,163,199.772186107779,153.55979305389,107.3474,0.0211,0.0282,0.0722,0.8785
ED_TIEN_GIANG_CAI_LAY_DISTRICT,2025-10-01,2026-01-01,2026,3 months,29.3874,11.860007892860859,51.9094,6,191.025,NA,323346,18.972,0.4216,45,0.0760844891284701,0.0383,164,164.470270895232,129.531385447616,94.5925,0.0374,0.0282,0.0615,0.8729
ED_TIEN_GIANG_CHAU_THANH_DISTRICT,2025-10-01,2026-01-01,2026,3 months,17.0992,9.820733375894289,63.0406613838441,8,251,NA,267831,22.834,0.466,49,0.363959395694999,0.1512,104,94.0941404384801,69.76372021924,45.4333,0.179,0.1149,0.1982,0.5079
ED_TIEN_GIANG_CHO_GAO_DISTRICT,2025-10-01,2026-01-01,2026,3 months,16.8719,8.50947304497466,59.3857786417554,12,166.025,NA,190296,25.3836,0.5769,44,0.732041698678573,0.3135,68,62.8517145933326,47.486507296666304,32.1213,0.3602,0.1665,0.2025,0.2708
ED_TIEN_GIANG_GO_CONG_DONG_DISTRICT,2025-10-01,2026-01-01,2026,3 months,18.0706,8.104096697246883,89.5693951982227,15,294.025,NA,312438,35.9226,0.5702,63,0.615363102572664,0.2591,110,101.598361386006,79.1941306930029,56.7899,0.3011,0.1342,0.1829,0.3818
ED_TIEN_GIANG_GO_CONG_TOWN,2025-10-01,2026-01-01,2026,3 months,5.9486,3.882172737851402,35.1650655813313,5,127.396817528598,NA,101275,13.0944,0.5456,24,2.48577721210401,0.4449,29,14.2864807036884,10.1848903518442,6.0833,0.7632,0.0978,0.0793,0.0597
ED_TIEN_GIANG_MY_THO_CITY,2025-10-01,2026-01-01,2026,3 months,21.034,10.990510594704563,50.1499,8,154,NA,231911,20.4435,0.5841,35,0.202799321591894,0.1342,85,96.6400835741404,72.8278417870702,49.0156,0.0971,0.0916,0.1854,0.6259
ED_TIEN_GIANG_TAN_PHUOC_DISTRICT,2025-10-01,2026-01-01,2026,3 months,8.6655,6.085434495687234,13.0008,2,40,NA,66502,5.0127,0.4557,11,0.707550708858175,0.3296,15,14.3676590542307,10.0570795271153,5.7465,0.3296,0.1703,0.2953,0.2048
ED_TRA_VINH_CANG_LONG_DISTRICT,2025-10-01,2026-01-01,2026,3 months,10.8008,6.065245096433283,22.0263300486712,4,64,NA,148908,9.4104,0.5228,18,0.363720642654483,0.2546,28,32.7447497393936,24.4410748696968,16.1374,0.1804,0.1461,0.2334,0.4401
ED_TRA_VINH_CAU_KE_DISTRICT,2025-10-01,2026-01-01,2026,3 months,2.3256,1.8526542777289234,13.7045164267085,2,41,NA,103552,5.8,0.58,10,2.2934568171328,0.58,10,6.24249642884744,4.31974821442372,2.397,0.7595,0.1073,0.0969,0.0363
ED_TRA_VINH_CAU_NGANG_DISTRICT,2025-10-01,2026-01-01,2026,3 months,2.4123,1.9771948917504305,12.3139795511322,1,53.3909863808526,NA,122313,4.2056,0.5257,8,1.27978750878108,0.4134,10,7.51792419852425,5.25276209926212,2.9876,0.5257,0.1335,0.2368,0.104
ED_TRA_VINH_CHAU_THANH_DISTRICT,2025-10-01,2026-01-01,2026,3 months,10.0834,6.921866486979242,31.5505,5,106,NA,145270,12.3075,0.4923,25,0.658033683995746,0.2786,37,33.5717076493692,24.0994538246846,14.6272,0.3207,0.1716,0.2549,0.2528
ED_TRA_VINH_TIEU_CAN_DISTRICT,2025-10-01,2026-01-01,2026,3 months,2.8744,2.6046310775818196,16.6756215396663,2,52,NA,108914,6.8096,0.4864,14,1.94047142127951,0.45,15,8.63530960451548,5.88260480225774,3.1299,0.7207,0.1383,0.0885,0.0525
ED_TRA_VINH_TRA_CU_DISTRICT,2025-10-01,2026-01-01,2026,3 months,10.4192,6.8893989390783705,28.6471921222249,4,108.898011274951,NA,275826,10.317,0.543,19,0.166356328912126,0.1028,58,64.8779613380958,46.8609306690479,28.8439,0.0823,0.0672,0.1749,0.6756
ED_TRA_VINH_TRA_VINH_CITY,2025-10-01,2026-01-01,2026,3 months,8.7267,5.3820538607836355,29.3463,5,96.0249999999996,NA,115099,11.758,0.5879,20,1.16610363999078,0.3159,32,21.9089276357717,15.9427138178859,9.9765,0.5301,0.1744,0.1785,0.117
ED_VINH_LONG_BINH_MINH_TOWN,2025-10-01,2026-01-01,2026,3 months,16.7714,11.144889541681858,39.7977,5,146.025,NA,192379,14.9031,0.5139,29,0.23228790455826,0.1422,66,73.5086603967337,53.0195301983669,32.5304,0.1116,0.0977,0.2341,0.5566
ED_VINH_LONG_LONG_HO_DISTRICT,2025-10-01,2026-01-01,2026,3 months,23.0528,8.912449457670633,34.0818,6,107,NA,168493,14.1075,0.5643,25,0.179191912492957,0.1239,59,66.7371361969074,52.7645680984537,38.792,0.0821,0.0798,0.1313,0.7068
ED_VINH_LONG_MANG_THIT_DISTRICT,2025-10-01,2026-01-01,2026,3 months,8.742,4.235732539126414,21.3205,4,63,NA,96496,8.988,0.642,14,1.20224364892086,0.3741,22,16.8800525171579,12.661576258579,8.4431,0.5275,0.1568,0.158,0.1577
ED_VINH_LONG_TAM_BINH_DISTRICT,2025-10-01,2026-01-01,2026,3 months,11.9396,5.4614590169165735,16.1651,2,52,NA,152446,6.408,0.6408,10,0.187324611946111,0.0877,35,33.9238258118727,26.0090629059363,18.0943,0.093,0.0593,0.1454,0.7023
ED_VINH_LONG_TRA_ON_DISTRICT,2025-10-01,2026-01-01,2026,3 months,8.3791,4.9843623039219045,20.023,3,60,NA,130208,8.3232,0.4896,17,0.619001087912435,0.2469,26,22.9215958501203,16.8508979250602,10.7802,0.3108,0.1788,0.2446,0.2658
ED_VINH_LONG_VINH_LONG_CITY,2025-10-01,2026-01-01,2026,3 months,28.8853,11.582493657495894,30.6278,5,93,NA,139810,12.4467,0.5927,21,0.116088017573433,0.0598,71,71.9223581145781,56.216979057289,40.5116,0.0577,0.0479,0.1146,0.7798
ED_VINH_LONG_VUNG_LIEM_DISTRICT,2025-10-01,2026-01-01,2026,3 months,8.9525,4.653343863385887,26.2942,4,82,NA,149798,10.844,0.5422,20,0.832154055812286,0.3136,30,25.8949539324114,19.6138269662057,13.3327,0.3947,0.1475,0.1811,0.2767
