issue_date,selected_date,selected_fcode,selected_horizon,year,epidemic_flag_risk_incidence,epidemic_flag_z_score_incidence,epidemic_flag_pred_mean,epidemic_flag_from_two_methods,epidemic_flag_from_three_methods,mean,median,obs_dengue_cases,pop_total
2025-10-01,2025-11-01,ED_AN_GIANG_AN_PHU_DISTRICT,1 month,2025,1,1,1,1,1,92.337,84,NA,148259
2025-10-01,2025-12-01,ED_AN_GIANG_AN_PHU_DISTRICT,2 months,2025,1,1,1,1,1,67.0848,56,NA,148259
2025-10-01,2026-01-01,ED_AN_GIANG_AN_PHU_DISTRICT,3 months,2026,0,1,1,1,0,50.2378,39,NA,148259
2025-10-01,2025-11-01,ED_AN_GIANG_CHAU_DOC_CITY,1 month,2025,1,1,1,1,1,38.7040378827811,35.0027525469997,NA,101612
2025-10-01,2025-12-01,ED_AN_GIANG_CHAU_DOC_CITY,2 months,2025,1,1,1,1,1,30.5500289982614,26,NA,101612
2025-10-01,2026-01-01,ED_AN_GIANG_CHAU_DOC_CITY,3 months,2026,0,1,0,0,0,23.2003882101945,18,NA,101612
2025-10-01,2025-11-01,ED_AN_GIANG_CHAU_PHU_DISTRICT,1 month,2025,0,0,0,0,0,86.4077778047868,78,NA,206321
2025-10-01,2025-12-01,ED_AN_GIANG_CHAU_PHU_DISTRICT,2 months,2025,0,0,0,0,0,61.8237944652206,53,NA,206321
2025-10-01,2026-01-01,ED_AN_GIANG_CHAU_PHU_DISTRICT,3 months,2026,0,0,0,0,0,45.9424662303665,38,NA,206321
2025-10-01,2025-11-01,ED_AN_GIANG_CHAU_THANH_DISTRICT,1 month,2025,0,1,0,0,0,39.9989900543328,32,NA,151069
2025-10-01,2025-12-01,ED_AN_GIANG_CHAU_THANH_DISTRICT,2 months,2025,0,1,0,0,0,33.0404394235197,24,NA,151069
2025-10-01,2026-01-01,ED_AN_GIANG_CHAU_THANH_DISTRICT,3 months,2026,0,0,0,0,0,27.5395460723824,19,NA,151069
2025-10-01,2025-11-01,ED_AN_GIANG_CHO_MOI_DISTRICT,1 month,2025,0,0,0,0,0,96.8082464522834,87,NA,307715
2025-10-01,2025-12-01,ED_AN_GIANG_CHO_MOI_DISTRICT,2 months,2025,0,0,0,0,0,87.7728241313572,72,NA,307715
2025-10-01,2026-01-01,ED_AN_GIANG_CHO_MOI_DISTRICT,3 months,2026,0,0,0,0,0,70.6054837186981,56,NA,307715
2025-10-01,2025-11-01,ED_AN_GIANG_LONG_XUYEN_CITY,1 month,2025,0,0,0,0,0,66.8908,61,NA,272838
2025-10-01,2025-12-01,ED_AN_GIANG_LONG_XUYEN_CITY,2 months,2025,0,0,0,0,0,53.9633,45,NA,272838
2025-10-01,2026-01-01,ED_AN_GIANG_LONG_XUYEN_CITY,3 months,2026,0,0,0,0,0,44.5982,36,NA,272838
2025-10-01,2025-11-01,ED_AN_GIANG_PHU_TAN_DISTRICT,1 month,2025,0,0,0,0,0,69.5623,64,NA,188532
2025-10-01,2025-12-01,ED_AN_GIANG_PHU_TAN_DISTRICT,2 months,2025,0,0,0,0,0,51.8349,44,NA,188532
2025-10-01,2026-01-01,ED_AN_GIANG_PHU_TAN_DISTRICT,3 months,2026,0,0,0,0,0,37.2391,30,NA,188532
2025-10-01,2025-11-01,ED_AN_GIANG_TAN_CHAU_TOWN,1 month,2025,0,1,1,1,0,72.0931960559092,45,NA,140901
2025-10-01,2025-12-01,ED_AN_GIANG_TAN_CHAU_TOWN,2 months,2025,0,1,1,1,0,53.5778759175201,31.5993357320786,NA,140901
2025-10-01,2026-01-01,ED_AN_GIANG_TAN_CHAU_TOWN,3 months,2026,0,1,0,0,0,40.6877246471077,23,NA,140901
2025-10-01,2025-11-01,ED_AN_GIANG_THOAI_SON_DISTRICT,1 month,2025,0,1,1,1,0,66.457623563353,55.6138565375689,NA,163251
2025-10-01,2025-12-01,ED_AN_GIANG_THOAI_SON_DISTRICT,2 months,2025,0,1,0,0,0,54.0471172695723,41,NA,163251
2025-10-01,2026-01-01,ED_AN_GIANG_THOAI_SON_DISTRICT,3 months,2026,0,1,0,0,0,39.077989788575,30,NA,163251
2025-10-01,2025-11-01,ED_AN_GIANG_TINH_BIEN_DISTRICT,1 month,2025,0,0,0,0,0,79.9431681239319,69,NA,108390
2025-10-01,2025-12-01,ED_AN_GIANG_TINH_BIEN_DISTRICT,2 months,2025,0,0,0,0,0,54.5501917415514,45.1483911277726,NA,108390
2025-10-01,2026-01-01,ED_AN_GIANG_TINH_BIEN_DISTRICT,3 months,2026,0,0,0,0,0,40.9480356837018,32.5333994891302,NA,108390
2025-10-01,2025-11-01,ED_AN_GIANG_TRI_TON_DISTRICT,1 month,2025,0,0,1,0,0,31.5964,28,NA,117377
2025-10-01,2025-12-01,ED_AN_GIANG_TRI_TON_DISTRICT,2 months,2025,0,1,1,1,0,23.7015,20,NA,117377
2025-10-01,2026-01-01,ED_AN_GIANG_TRI_TON_DISTRICT,3 months,2026,0,0,0,0,0,18.5601,14,NA,117377
2025-10-01,2025-11-01,ED_BAC_LIEU_BAC_LIEU_CITY,1 month,2025,1,1,1,1,1,40.2638,36,NA,159470
2025-10-01,2025-12-01,ED_BAC_LIEU_BAC_LIEU_CITY,2 months,2025,1,1,1,1,1,31.9879,27,NA,159470
2025-10-01,2026-01-01,ED_BAC_LIEU_BAC_LIEU_CITY,3 months,2026,0,0,0,0,0,27.4144,21,NA,159470
2025-10-01,2025-11-01,ED_BAC_LIEU_DONG_HAI_DISTRICT,1 month,2025,0,1,1,1,0,60.4054,51,NA,155713
2025-10-01,2025-12-01,ED_BAC_LIEU_DONG_HAI_DISTRICT,2 months,2025,1,1,1,1,1,46.2044,38,NA,155713
2025-10-01,2026-01-01,ED_BAC_LIEU_DONG_HAI_DISTRICT,3 months,2026,0,1,1,1,0,31.7293,25,NA,155713
2025-10-01,2025-11-01,ED_BAC_LIEU_GIA_RAI_TOWN,1 month,2025,1,1,1,1,1,33.6945,30,NA,146410
2025-10-01,2025-12-01,ED_BAC_LIEU_GIA_RAI_TOWN,2 months,2025,0,0,0,0,0,25.5754,21,NA,146410
2025-10-01,2026-01-01,ED_BAC_LIEU_GIA_RAI_TOWN,3 months,2026,0,0,0,0,0,19.1103,15,NA,146410
2025-10-01,2025-11-01,ED_BAC_LIEU_HONG_DAN_DISTRICT,1 month,2025,0,0,0,0,0,9.3732,8,NA,114025
2025-10-01,2025-12-01,ED_BAC_LIEU_HONG_DAN_DISTRICT,2 months,2025,0,0,0,0,0,7.5821,6,NA,114025
2025-10-01,2026-01-01,ED_BAC_LIEU_HONG_DAN_DISTRICT,3 months,2026,0,0,0,0,0,6.4693,5,NA,114025
2025-10-01,2025-11-01,ED_BAC_LIEU_PHUOC_LONG_DISTRICT,1 month,2025,0,0,0,0,0,19.9744540515323,17.0401205770473,NA,126624
2025-10-01,2025-12-01,ED_BAC_LIEU_PHUOC_LONG_DISTRICT,2 months,2025,0,0,0,0,0,15.6751336898012,12.496088423168,NA,126624
2025-10-01,2026-01-01,ED_BAC_LIEU_PHUOC_LONG_DISTRICT,3 months,2026,0,0,0,0,0,13.168809337544,10,NA,126624
2025-10-01,2025-11-01,ED_BAC_LIEU_VINH_LOI_DISTRICT,1 month,2025,0,0,0,0,0,36.2094758529189,33,NA,222928
2025-10-01,2025-12-01,ED_BAC_LIEU_VINH_LOI_DISTRICT,2 months,2025,0,0,0,0,0,28.5947329037149,24,NA,222928
2025-10-01,2026-01-01,ED_BAC_LIEU_VINH_LOI_DISTRICT,3 months,2026,0,0,0,0,0,23.4722324109174,19,NA,222928
2025-10-01,2025-11-01,ED_BEN_TRE_BA_TRI_DISTRICT,1 month,2025,1,1,1,1,1,77.9413029232604,71,NA,186589
2025-10-01,2025-12-01,ED_BEN_TRE_BA_TRI_DISTRICT,2 months,2025,1,1,1,1,1,51.2528514520875,42,NA,186589
2025-10-01,2026-01-01,ED_BEN_TRE_BA_TRI_DISTRICT,3 months,2026,1,1,1,1,1,39.7942729638171,31,NA,186589
2025-10-01,2025-11-01,ED_BEN_TRE_BEN_TRE_CITY,1 month,2025,1,1,1,1,1,50.406732766669,44,NA,125750
2025-10-01,2025-12-01,ED_BEN_TRE_BEN_TRE_CITY,2 months,2025,1,1,1,1,1,35.5699776530235,29,NA,125750
2025-10-01,2026-01-01,ED_BEN_TRE_BEN_TRE_CITY,3 months,2026,1,1,1,1,1,26.5587669401733,21,NA,125750
2025-10-01,2025-11-01,ED_BEN_TRE_BINH_DAI_DISTRICT,1 month,2025,1,1,1,1,1,66.4385,59,NA,138451
2025-10-01,2025-12-01,ED_BEN_TRE_BINH_DAI_DISTRICT,2 months,2025,1,1,1,1,1,44.4729,37,NA,138451
2025-10-01,2026-01-01,ED_BEN_TRE_BINH_DAI_DISTRICT,3 months,2026,1,1,1,1,1,31.7666,25,NA,138451
2025-10-01,2025-11-01,ED_BEN_TRE_CHAU_THANH_DISTRICT,1 month,2025,1,1,1,1,1,47.379665599394,41,NA,177323
2025-10-01,2025-12-01,ED_BEN_TRE_CHAU_THANH_DISTRICT,2 months,2025,0,0,0,0,0,33.2999513280014,27,NA,177323
2025-10-01,2026-01-01,ED_BEN_TRE_CHAU_THANH_DISTRICT,3 months,2026,0,0,0,0,0,25.2085319914452,19,NA,177323
2025-10-01,2025-11-01,ED_BEN_TRE_CHO_LACH_DISTRICT,1 month,2025,1,1,1,1,1,34.1054241460499,31,NA,112217.5
2025-10-01,2025-12-01,ED_BEN_TRE_CHO_LACH_DISTRICT,2 months,2025,1,1,1,1,1,24.6467508980786,21,NA,112217.5
2025-10-01,2026-01-01,ED_BEN_TRE_CHO_LACH_DISTRICT,3 months,2026,0,0,0,0,0,19.2572834753529,15.8210581819617,NA,112217.5
2025-10-01,2025-11-01,ED_BEN_TRE_GIONG_TROM_DISTRICT,1 month,2025,1,1,1,1,1,61.23,55,NA,171464
2025-10-01,2025-12-01,ED_BEN_TRE_GIONG_TROM_DISTRICT,2 months,2025,1,1,1,1,1,42.858,35,NA,171464
2025-10-01,2026-01-01,ED_BEN_TRE_GIONG_TROM_DISTRICT,3 months,2026,0,0,0,0,0,31.6496,24,NA,171464
2025-10-01,2025-11-01,ED_BEN_TRE_MO_CAY_DISTRICT,1 month,2025,0,1,1,1,0,52.4381,45,NA,258763
2025-10-01,2025-12-01,ED_BEN_TRE_MO_CAY_DISTRICT,2 months,2025,0,0,0,0,0,41.5703,33,NA,258763
2025-10-01,2026-01-01,ED_BEN_TRE_MO_CAY_DISTRICT,3 months,2026,0,0,0,0,0,34.1467,25,NA,258763
2025-10-01,2025-11-01,ED_BEN_TRE_THANH_PHU_DISTRICT,1 month,2025,1,1,1,1,1,43.8402,39,NA,128770
2025-10-01,2025-12-01,ED_BEN_TRE_THANH_PHU_DISTRICT,2 months,2025,1,1,1,1,1,29.9963,24,NA,128770
2025-10-01,2026-01-01,ED_BEN_TRE_THANH_PHU_DISTRICT,3 months,2026,0,0,0,0,0,24.148,19,NA,128770
2025-10-01,2025-11-01,ED_CAN_THO_BINH_THUY_URBAN_DISTRICT,1 month,2025,1,1,1,1,1,80.5062,73,NA,150528
2025-10-01,2025-12-01,ED_CAN_THO_BINH_THUY_URBAN_DISTRICT,2 months,2025,1,1,1,1,1,57.561,49,NA,150528
2025-10-01,2026-01-01,ED_CAN_THO_BINH_THUY_URBAN_DISTRICT,3 months,2026,0,1,0,0,0,39.8073,32,NA,150528
2025-10-01,2025-11-01,ED_CAN_THO_CAI_RANG_URBAN_DISTRICT,1 month,2025,1,1,1,1,1,31.7298151453175,29,NA,108071
2025-10-01,2025-12-01,ED_CAN_THO_CAI_RANG_URBAN_DISTRICT,2 months,2025,0,1,1,1,0,24.3470372425547,20,NA,108071
2025-10-01,2026-01-01,ED_CAN_THO_CAI_RANG_URBAN_DISTRICT,3 months,2026,0,0,0,0,0,18.1682618290276,15,NA,108071
2025-10-01,2025-11-01,ED_CAN_THO_CO_DO_DISTRICT,1 month,2025,0,0,0,0,0,51.0616012269712,43,NA,222960
2025-10-01,2025-12-01,ED_CAN_THO_CO_DO_DISTRICT,2 months,2025,0,0,0,0,0,37.9791898788759,29,NA,222960
2025-10-01,2026-01-01,ED_CAN_THO_CO_DO_DISTRICT,3 months,2026,0,0,0,0,0,31.3858831730992,23,NA,222960
2025-10-01,2025-11-01,ED_CAN_THO_NINH_KIEU_URBAN_DISTRICT,1 month,2025,0,0,0,0,0,111.6139,102,NA,294874
2025-10-01,2025-12-01,ED_CAN_THO_NINH_KIEU_URBAN_DISTRICT,2 months,2025,0,0,0,0,0,77.6755,64,NA,294874
2025-10-01,2026-01-01,ED_CAN_THO_NINH_KIEU_URBAN_DISTRICT,3 months,2026,0,1,0,0,0,64.9505,51,NA,294874
2025-10-01,2025-11-01,ED_CAN_THO_O_MON_URBAN_DISTRICT,1 month,2025,0,1,1,1,0,33.3865,30,NA,129487
2025-10-01,2025-12-01,ED_CAN_THO_O_MON_URBAN_DISTRICT,2 months,2025,0,1,0,0,0,26.034,22,NA,129487
2025-10-01,2026-01-01,ED_CAN_THO_O_MON_URBAN_DISTRICT,3 months,2026,0,0,0,0,0,20.0956,16,NA,129487
2025-10-01,2025-11-01,ED_CAN_THO_PHONG_DIEN_DISTRICT,1 month,2025,1,1,1,1,1,31.0077,27,NA,97890
2025-10-01,2025-12-01,ED_CAN_THO_PHONG_DIEN_DISTRICT,2 months,2025,1,1,1,1,1,21.4256,17,NA,97890
2025-10-01,2026-01-01,ED_CAN_THO_PHONG_DIEN_DISTRICT,3 months,2026,0,0,0,0,0,18.082,14,NA,97890
2025-10-01,2025-11-01,ED_CAN_THO_THOT_NOT_URBAN_DISTRICT,1 month,2025,0,0,0,0,0,24.4494,22,NA,156484
2025-10-01,2025-12-01,ED_CAN_THO_THOT_NOT_URBAN_DISTRICT,2 months,2025,0,0,0,0,0,20.5973,17,NA,156484
2025-10-01,2026-01-01,ED_CAN_THO_THOT_NOT_URBAN_DISTRICT,3 months,2026,0,0,0,0,0,17.2439,13,NA,156484
2025-10-01,2025-11-01,ED_CAN_THO_VINH_THANH_DISTRICT,1 month,2025,0,0,0,0,0,14.6153,12,NA,98582
2025-10-01,2025-12-01,ED_CAN_THO_VINH_THANH_DISTRICT,2 months,2025,0,0,0,0,0,12.2794,9,NA,98582
2025-10-01,2026-01-01,ED_CAN_THO_VINH_THANH_DISTRICT,3 months,2026,0,0,0,0,0,9.4299,7,NA,98582
2025-10-01,2025-11-01,ED_CA_MAU_CAI_NUOC_DISTRICT,1 month,2025,0,0,0,0,0,51.6042984095152,46,NA,137648
2025-10-01,2025-12-01,ED_CA_MAU_CAI_NUOC_DISTRICT,2 months,2025,0,1,0,0,0,36.790263799184,30,NA,137648
2025-10-01,2026-01-01,ED_CA_MAU_CAI_NUOC_DISTRICT,3 months,2026,0,0,0,0,0,27.0741065209875,21.416776156559,NA,137648
2025-10-01,2025-11-01,ED_CA_MAU_CA_MAU_CITY,1 month,2025,0,1,1,1,0,93.6086620364989,85.7271881901662,NA,231376
2025-10-01,2025-12-01,ED_CA_MAU_CA_MAU_CITY,2 months,2025,0,1,0,0,0,68.117763129141,56,NA,231376
2025-10-01,2026-01-01,ED_CA_MAU_CA_MAU_CITY,3 months,2026,0,1,0,0,0,49.2652363826572,38,NA,231376
2025-10-01,2025-11-01,ED_CA_MAU_DAM_DOI_DISTRICT,1 month,2025,1,1,1,1,1,95.1977,85,NA,176563
2025-10-01,2025-12-01,ED_CA_MAU_DAM_DOI_DISTRICT,2 months,2025,1,1,1,1,1,66.9835,54,NA,176563
2025-10-01,2026-01-01,ED_CA_MAU_DAM_DOI_DISTRICT,3 months,2026,0,1,1,1,0,46.7651,34,NA,176563
2025-10-01,2025-11-01,ED_CA_MAU_NAM_CAN_DISTRICT,1 month,2025,1,1,1,1,1,29.2532,26,NA,56745
2025-10-01,2025-12-01,ED_CA_MAU_NAM_CAN_DISTRICT,2 months,2025,1,1,1,1,1,21.7636,18,NA,56745
2025-10-01,2026-01-01,ED_CA_MAU_NAM_CAN_DISTRICT,3 months,2026,1,1,1,1,1,16.3593,12,NA,56745
2025-10-01,2025-11-01,ED_CA_MAU_NGOC_HIEN_DISTRICT,1 month,2025,0,1,1,1,0,15.2466,13,NA,67381
2025-10-01,2025-12-01,ED_CA_MAU_NGOC_HIEN_DISTRICT,2 months,2025,0,0,0,0,0,12.2504,10,NA,67381
2025-10-01,2026-01-01,ED_CA_MAU_NGOC_HIEN_DISTRICT,3 months,2026,0,0,0,0,0,9.3711,7,NA,67381
2025-10-01,2025-11-01,ED_CA_MAU_PHU_TAN_DISTRICT,1 month,2025,1,1,1,1,1,49.3732,44,NA,99412
2025-10-01,2025-12-01,ED_CA_MAU_PHU_TAN_DISTRICT,2 months,2025,1,1,1,1,1,39.9628,32,NA,99412
2025-10-01,2026-01-01,ED_CA_MAU_PHU_TAN_DISTRICT,3 months,2026,1,1,1,1,1,29.1341,23,NA,99412
2025-10-01,2025-11-01,ED_CA_MAU_THOI_BINH_DISTRICT,1 month,2025,1,1,1,1,1,36.8236,34,NA,137826
2025-10-01,2025-12-01,ED_CA_MAU_THOI_BINH_DISTRICT,2 months,2025,0,0,0,0,0,25.8548,22,NA,137826
2025-10-01,2026-01-01,ED_CA_MAU_THOI_BINH_DISTRICT,3 months,2026,0,0,0,0,0,19.4671,16,NA,137826
2025-10-01,2025-11-01,ED_CA_MAU_TRAN_VAN_THOI_DISTRICT,1 month,2025,0,0,0,0,0,39.1934,34,NA,197866
2025-10-01,2025-12-01,ED_CA_MAU_TRAN_VAN_THOI_DISTRICT,2 months,2025,0,0,0,0,0,33.1075,27,NA,197866
2025-10-01,2026-01-01,ED_CA_MAU_TRAN_VAN_THOI_DISTRICT,3 months,2026,0,0,0,0,0,26.5394,21,NA,197866
2025-10-01,2025-11-01,ED_CA_MAU_U_MINH_DISTRICT,1 month,2025,0,0,0,0,0,18.1669,16,NA,102290
2025-10-01,2025-12-01,ED_CA_MAU_U_MINH_DISTRICT,2 months,2025,0,0,0,0,0,13.3017,11,NA,102290
2025-10-01,2026-01-01,ED_CA_MAU_U_MINH_DISTRICT,3 months,2026,0,0,0,0,0,9.6385,8,NA,102290
2025-10-01,2025-11-01,ED_DONG_THAP_CAO_LANH_CITY,1 month,2025,0,1,1,1,0,86.1020946124005,79,NA,165468
2025-10-01,2025-12-01,ED_DONG_THAP_CAO_LANH_CITY,2 months,2025,0,1,1,1,0,66.0276001019003,56.7605999001175,NA,165468
2025-10-01,2026-01-01,ED_DONG_THAP_CAO_LANH_CITY,3 months,2026,0,0,0,0,0,50.8771428288933,42,NA,165468
2025-10-01,2025-11-01,ED_DONG_THAP_CAO_LANH_DISTRICT,1 month,2025,0,0,0,0,0,96.4063928070684,88,NA,198233
2025-10-01,2025-12-01,ED_DONG_THAP_CAO_LANH_DISTRICT,2 months,2025,0,0,0,0,0,70.9523829677037,60,NA,198233
2025-10-01,2026-01-01,ED_DONG_THAP_CAO_LANH_DISTRICT,3 months,2026,0,0,0,0,0,57.8212637736602,46,NA,198233
2025-10-01,2025-11-01,ED_DONG_THAP_CHAU_THANH_DISTRICT,1 month,2025,1,1,1,1,1,50.4178,45,NA,147227
2025-10-01,2025-12-01,ED_DONG_THAP_CHAU_THANH_DISTRICT,2 months,2025,1,1,1,1,1,38.0655,33,NA,147227
2025-10-01,2026-01-01,ED_DONG_THAP_CHAU_THANH_DISTRICT,3 months,2026,1,1,1,1,1,29.5417,23,NA,147227
2025-10-01,2025-11-01,ED_DONG_THAP_HONG_NGU_DISTRICT,1 month,2025,0,0,0,0,0,101.5977,91,NA,196342
2025-10-01,2025-12-01,ED_DONG_THAP_HONG_NGU_DISTRICT,2 months,2025,0,1,0,0,0,79.7675,67,NA,196342
2025-10-01,2026-01-01,ED_DONG_THAP_HONG_NGU_DISTRICT,3 months,2026,0,0,0,0,0,61.3375,45,NA,196342
2025-10-01,2025-11-01,ED_DONG_THAP_LAI_VUNG_DISTRICT,1 month,2025,0,0,0,0,0,36.2428961779137,33,NA,164769
2025-10-01,2025-12-01,ED_DONG_THAP_LAI_VUNG_DISTRICT,2 months,2025,0,0,0,0,0,28.9496460972519,24,NA,164769
2025-10-01,2026-01-01,ED_DONG_THAP_LAI_VUNG_DISTRICT,3 months,2026,0,0,0,0,0,22.8899279603445,18,NA,164769
2025-10-01,2025-11-01,ED_DONG_THAP_LAP_VO_DISTRICT,1 month,2025,0,0,0,0,0,39.4604534766855,35,NA,179143
2025-10-01,2025-12-01,ED_DONG_THAP_LAP_VO_DISTRICT,2 months,2025,0,0,0,0,0,32.2031388064502,26.0936948090964,NA,179143
2025-10-01,2026-01-01,ED_DONG_THAP_LAP_VO_DISTRICT,3 months,2026,0,0,0,0,0,26.6707175384933,21,NA,179143
2025-10-01,2025-11-01,ED_DONG_THAP_SA_DEC_CITY,1 month,2025,1,1,1,1,1,36.5676,33,NA,106757
2025-10-01,2025-12-01,ED_DONG_THAP_SA_DEC_CITY,2 months,2025,1,1,1,1,1,27.7458,24,NA,106757
2025-10-01,2026-01-01,ED_DONG_THAP_SA_DEC_CITY,3 months,2026,1,1,1,1,1,21.5225,17,NA,106757
2025-10-01,2025-11-01,ED_DONG_THAP_TAM_NONG_DISTRICT,1 month,2025,0,1,1,1,0,21.5708,17,NA,100297
2025-10-01,2025-12-01,ED_DONG_THAP_TAM_NONG_DISTRICT,2 months,2025,0,0,0,0,0,17.4989,14,NA,100297
2025-10-01,2026-01-01,ED_DONG_THAP_TAM_NONG_DISTRICT,3 months,2026,0,0,0,0,0,13.9872,11,NA,100297
2025-10-01,2025-11-01,ED_DONG_THAP_TAN_HONG_DISTRICT,1 month,2025,0,1,1,1,0,28.6281,26,NA,75206
2025-10-01,2025-12-01,ED_DONG_THAP_TAN_HONG_DISTRICT,2 months,2025,1,1,1,1,1,22.175,18,NA,75206
2025-10-01,2026-01-01,ED_DONG_THAP_TAN_HONG_DISTRICT,3 months,2026,1,1,1,1,1,16.6597,13,NA,75206
2025-10-01,2025-11-01,ED_DONG_THAP_THANH_BINH_DISTRICT,1 month,2025,0,0,0,0,0,32.9706,29,NA,134502
2025-10-01,2025-12-01,ED_DONG_THAP_THANH_BINH_DISTRICT,2 months,2025,0,0,0,0,0,27.3865,22,NA,134502
2025-10-01,2026-01-01,ED_DONG_THAP_THANH_BINH_DISTRICT,3 months,2026,0,0,0,0,0,23.9275,18,NA,134502
2025-10-01,2025-11-01,ED_DONG_THAP_THAP_MUOI_DISTRICT,1 month,2025,0,1,0,0,0,28.0012,24,NA,132306
2025-10-01,2025-12-01,ED_DONG_THAP_THAP_MUOI_DISTRICT,2 months,2025,0,0,0,0,0,24.2378,20,NA,132306
2025-10-01,2026-01-01,ED_DONG_THAP_THAP_MUOI_DISTRICT,3 months,2026,0,0,0,0,0,19.8678,15,NA,132306
2025-10-01,2025-11-01,ED_HAU_GIANG_CHAU_THANH_A_DISTRICT,1 month,2025,0,0,0,0,0,11.1222025242541,9,NA,96977
2025-10-01,2025-12-01,ED_HAU_GIANG_CHAU_THANH_A_DISTRICT,2 months,2025,0,0,0,0,0,9.30849322827987,7.75718481105232,NA,96977
2025-10-01,2026-01-01,ED_HAU_GIANG_CHAU_THANH_A_DISTRICT,3 months,2026,0,0,0,0,0,7.61597877181154,6,NA,96977
2025-10-01,2025-11-01,ED_HAU_GIANG_CHAU_THANH_DISTRICT,1 month,2025,0,0,0,0,0,13.5484950421234,12,NA,87511
2025-10-01,2025-12-01,ED_HAU_GIANG_CHAU_THANH_DISTRICT,2 months,2025,0,0,0,0,0,10.8880797467441,9,NA,87511
2025-10-01,2026-01-01,ED_HAU_GIANG_CHAU_THANH_DISTRICT,3 months,2026,0,0,0,0,0,9.15024709260959,7.21911381049115,NA,87511
2025-10-01,2025-11-01,ED_HAU_GIANG_LONG_MY_DISTRICT,1 month,2025,0,0,0,0,0,10.0581,8,NA,138784
2025-10-01,2025-12-01,ED_HAU_GIANG_LONG_MY_DISTRICT,2 months,2025,0,0,0,0,0,8.436,6,NA,138784
2025-10-01,2026-01-01,ED_HAU_GIANG_LONG_MY_DISTRICT,3 months,2026,0,0,0,0,0,6.977,5,NA,138784
2025-10-01,2025-11-01,ED_HAU_GIANG_NGA_BAY_CITY,1 month,2025,0,0,0,0,0,41.3007,37,NA,242394
2025-10-01,2025-12-01,ED_HAU_GIANG_NGA_BAY_CITY,2 months,2025,0,0,0,0,0,28.5243,23,NA,242394
2025-10-01,2026-01-01,ED_HAU_GIANG_NGA_BAY_CITY,3 months,2026,0,0,0,0,0,22.1753,18,NA,242394
2025-10-01,2025-11-01,ED_HAU_GIANG_VI_THANH_CITY,1 month,2025,0,0,0,0,0,9.354,8,NA,72851
2025-10-01,2025-12-01,ED_HAU_GIANG_VI_THANH_CITY,2 months,2025,0,0,0,0,0,6.5512,5,NA,72851
2025-10-01,2026-01-01,ED_HAU_GIANG_VI_THANH_CITY,3 months,2026,0,0,0,0,0,6.0145,5,NA,72851
2025-10-01,2025-11-01,ED_HAU_GIANG_VI_THUY_DISTRICT,1 month,2025,0,0,0,0,0,6.5952,5,NA,89776
2025-10-01,2025-12-01,ED_HAU_GIANG_VI_THUY_DISTRICT,2 months,2025,0,0,0,0,0,5.9621,5,NA,89776
2025-10-01,2026-01-01,ED_HAU_GIANG_VI_THUY_DISTRICT,3 months,2026,0,0,0,0,0,4.8979,4,NA,89776
2025-10-01,2025-11-01,ED_KIEN_GIANG_AN_MINH_DISTRICT,1 month,2025,0,0,0,0,0,44.3266,38,NA,383364
2025-10-01,2025-12-01,ED_KIEN_GIANG_AN_MINH_DISTRICT,2 months,2025,0,0,0,0,0,35.2171,26,NA,383364
2025-10-01,2026-01-01,ED_KIEN_GIANG_AN_MINH_DISTRICT,3 months,2026,0,0,0,0,0,30.1562,21,NA,383364
2025-10-01,2025-11-01,ED_KIEN_GIANG_CHAU_THANH_DISTRICT,1 month,2025,0,0,0,0,0,9.0579,8,NA,164512
2025-10-01,2025-12-01,ED_KIEN_GIANG_CHAU_THANH_DISTRICT,2 months,2025,0,0,0,0,0,8.3025,7,NA,164512
2025-10-01,2026-01-01,ED_KIEN_GIANG_CHAU_THANH_DISTRICT,3 months,2026,0,0,0,0,0,7.7723,6,NA,164512
2025-10-01,2025-11-01,ED_KIEN_GIANG_GIONG_RIENG_DISTRICT,1 month,2025,0,0,0,0,0,17.4087,15,NA,224683
2025-10-01,2025-12-01,ED_KIEN_GIANG_GIONG_RIENG_DISTRICT,2 months,2025,0,0,0,0,0,15.7887,12,NA,224683
2025-10-01,2026-01-01,ED_KIEN_GIANG_GIONG_RIENG_DISTRICT,3 months,2026,0,0,0,0,0,11.69,9,NA,224683
2025-10-01,2025-11-01,ED_KIEN_GIANG_GO_QUAO_DISTRICT,1 month,2025,0,0,0,0,0,8.84134112962419,4,NA,135470
2025-10-01,2025-12-01,ED_KIEN_GIANG_GO_QUAO_DISTRICT,2 months,2025,0,0,0,0,0,8.03561059160305,3,NA,135470
2025-10-01,2026-01-01,ED_KIEN_GIANG_GO_QUAO_DISTRICT,3 months,2026,0,0,0,0,0,7.8268342502202,3,NA,135470
2025-10-01,2025-11-01,ED_KIEN_GIANG_HA_TIEN_CITY,1 month,2025,1,1,1,1,1,21.4720761718462,19,NA,49500
2025-10-01,2025-12-01,ED_KIEN_GIANG_HA_TIEN_CITY,2 months,2025,1,1,1,1,1,14.794898811545,12,NA,49500
2025-10-01,2026-01-01,ED_KIEN_GIANG_HA_TIEN_CITY,3 months,2026,1,1,1,1,1,11.2885906104673,8,NA,49500
2025-10-01,2025-11-01,ED_KIEN_GIANG_HON_DAT_DISTRICT,1 month,2025,0,0,0,0,0,28.5814391757576,8,NA,159072
2025-10-01,2025-12-01,ED_KIEN_GIANG_HON_DAT_DISTRICT,2 months,2025,0,0,0,0,0,23.4106896484848,7,NA,159072
2025-10-01,2026-01-01,ED_KIEN_GIANG_HON_DAT_DISTRICT,3 months,2026,0,0,0,0,0,19.451718569697,6,NA,159072
2025-10-01,2025-11-01,ED_KIEN_GIANG_KIEN_LUONG_DISTRICT,1 month,2025,0,0,0,0,0,13.6797494467914,11,NA,108992
2025-10-01,2025-12-01,ED_KIEN_GIANG_KIEN_LUONG_DISTRICT,2 months,2025,0,0,0,0,0,10.6310764232549,9,NA,108992
2025-10-01,2026-01-01,ED_KIEN_GIANG_KIEN_LUONG_DISTRICT,3 months,2026,0,0,0,0,0,8.96654353248843,7,NA,108992
2025-10-01,2025-11-01,ED_KIEN_GIANG_RACH_GIA_CITY,1 month,2025,0,0,0,0,0,9.0418,7,NA,234586
2025-10-01,2025-12-01,ED_KIEN_GIANG_RACH_GIA_CITY,2 months,2025,0,0,0,0,0,7.6878,6,NA,234586
2025-10-01,2026-01-01,ED_KIEN_GIANG_RACH_GIA_CITY,3 months,2026,0,0,0,0,0,8.3361,5,NA,234586
2025-10-01,2025-11-01,ED_KIEN_GIANG_TAN_HIEP_DISTRICT,1 month,2025,0,0,0,0,0,6.5405,6,NA,127788
2025-10-01,2025-12-01,ED_KIEN_GIANG_TAN_HIEP_DISTRICT,2 months,2025,0,0,0,0,0,6.3695,5,NA,127788
2025-10-01,2026-01-01,ED_KIEN_GIANG_TAN_HIEP_DISTRICT,3 months,2026,0,0,0,0,0,5.1341,4,NA,127788
2025-10-01,2025-11-01,ED_LONG_AN_BEN_LUC_DISTRICT,1 month,2025,0,0,0,0,0,88.131,78,NA,188638
2025-10-01,2025-12-01,ED_LONG_AN_BEN_LUC_DISTRICT,2 months,2025,0,0,0,0,0,64.2178,52,NA,188638
2025-10-01,2026-01-01,ED_LONG_AN_BEN_LUC_DISTRICT,3 months,2026,0,1,0,0,0,51.9959,40,NA,188638
2025-10-01,2025-11-01,ED_LONG_AN_CAN_DUOC_DISTRICT,1 month,2025,0,1,1,1,0,82.0835,74,NA,192299
2025-10-01,2025-12-01,ED_LONG_AN_CAN_DUOC_DISTRICT,2 months,2025,0,1,0,0,0,59.1288,48,NA,192299
2025-10-01,2026-01-01,ED_LONG_AN_CAN_DUOC_DISTRICT,3 months,2026,0,1,0,0,0,44.8915,34,NA,192299
2025-10-01,2025-11-01,ED_LONG_AN_CAN_GIUOC_DISTRICT,1 month,2025,1,1,1,1,1,194.9347,173,NA,222138
2025-10-01,2025-12-01,ED_LONG_AN_CAN_GIUOC_DISTRICT,2 months,2025,1,1,1,1,1,139.8172,113,NA,222138
2025-10-01,2026-01-01,ED_LONG_AN_CAN_GIUOC_DISTRICT,3 months,2026,0,1,1,1,0,103.6301,80,NA,222138
2025-10-01,2025-11-01,ED_LONG_AN_CHAU_THANH_DISTRICT,1 month,2025,0,1,1,1,0,55.5063,51,NA,112680
2025-10-01,2025-12-01,ED_LONG_AN_CHAU_THANH_DISTRICT,2 months,2025,1,1,1,1,1,44.6314,37,NA,112680
2025-10-01,2026-01-01,ED_LONG_AN_CHAU_THANH_DISTRICT,3 months,2026,0,1,1,1,0,34.7121,27,NA,112680
2025-10-01,2025-11-01,ED_LONG_AN_DUC_HOA_DISTRICT,1 month,2025,0,0,0,0,0,294.3897,269,NA,329857
2025-10-01,2025-12-01,ED_LONG_AN_DUC_HOA_DISTRICT,2 months,2025,0,0,0,0,0,204.8908,171,NA,329857
2025-10-01,2026-01-01,ED_LONG_AN_DUC_HOA_DISTRICT,3 months,2026,0,0,0,0,0,152.8362,120,NA,329857
2025-10-01,2025-11-01,ED_LONG_AN_DUC_HUE_DISTRICT,1 month,2025,0,0,0,0,0,11.4719,10,NA,68273
2025-10-01,2025-12-01,ED_LONG_AN_DUC_HUE_DISTRICT,2 months,2025,0,0,0,0,0,9.5358,7,NA,68273
2025-10-01,2026-01-01,ED_LONG_AN_DUC_HUE_DISTRICT,3 months,2026,0,0,0,0,0,8.3426,6,NA,68273
2025-10-01,2025-11-01,ED_LONG_AN_MOC_HOA_TOWN,1 month,2025,0,0,0,0,0,16.0796,14,NA,73843
2025-10-01,2025-12-01,ED_LONG_AN_MOC_HOA_TOWN,2 months,2025,0,0,0,0,0,13.005,10,NA,73843
2025-10-01,2026-01-01,ED_LONG_AN_MOC_HOA_TOWN,3 months,2026,0,0,0,0,0,10.5921,8,NA,73843
2025-10-01,2025-11-01,ED_LONG_AN_TAN_AN_CITY,1 month,2025,1,1,1,1,1,122.057,111,NA,148961
2025-10-01,2025-12-01,ED_LONG_AN_TAN_AN_CITY,2 months,2025,1,1,1,1,1,88.0396,75,NA,148961
2025-10-01,2026-01-01,ED_LONG_AN_TAN_AN_CITY,3 months,2026,0,1,0,0,0,66.7577,55,NA,148961
2025-10-01,2025-11-01,ED_LONG_AN_TAN_HUNG_DISTRICT,1 month,2025,1,1,1,1,1,9.8403,8,NA,48789
2025-10-01,2025-12-01,ED_LONG_AN_TAN_HUNG_DISTRICT,2 months,2025,0,0,0,0,0,9.097,7,NA,48789
2025-10-01,2026-01-01,ED_LONG_AN_TAN_HUNG_DISTRICT,3 months,2026,0,0,0,0,0,7.6716,5,NA,48789
2025-10-01,2025-11-01,ED_LONG_AN_TAN_THANH_DISTRICT,1 month,2025,1,1,1,1,1,22.5692,20,NA,79404
2025-10-01,2025-12-01,ED_LONG_AN_TAN_THANH_DISTRICT,2 months,2025,0,1,1,1,0,17.3992,14,NA,79404
2025-10-01,2026-01-01,ED_LONG_AN_TAN_THANH_DISTRICT,3 months,2026,0,0,0,0,0,13.4486,11,NA,79404
2025-10-01,2025-11-01,ED_LONG_AN_TAN_TRU_DISTRICT,1 month,2025,1,1,1,1,1,40.7151,37,NA,68267
2025-10-01,2025-12-01,ED_LONG_AN_TAN_TRU_DISTRICT,2 months,2025,1,1,1,1,1,30.5819,26,NA,68267
2025-10-01,2026-01-01,ED_LONG_AN_TAN_TRU_DISTRICT,3 months,2026,1,1,1,1,1,23.2488,19,NA,68267
2025-10-01,2025-11-01,ED_LONG_AN_THANH_HOA_DISTRICT,1 month,2025,0,0,0,0,0,7.9719,7,NA,57947
2025-10-01,2025-12-01,ED_LONG_AN_THANH_HOA_DISTRICT,2 months,2025,0,0,0,0,0,6.7274,5,NA,57947
2025-10-01,2026-01-01,ED_LONG_AN_THANH_HOA_DISTRICT,3 months,2026,0,0,0,0,0,5.6804,4,NA,57947
2025-10-01,2025-11-01,ED_LONG_AN_THU_THUA_DISTRICT,1 month,2025,1,1,1,1,1,37.256100000000004,33,NA,100765
2025-10-01,2025-12-01,ED_LONG_AN_THU_THUA_DISTRICT,2 months,2025,1,1,1,1,1,27.2567,23,NA,100765
2025-10-01,2026-01-01,ED_LONG_AN_THU_THUA_DISTRICT,3 months,2026,0,1,1,1,0,21.577,17,NA,100765
2025-10-01,2025-11-01,ED_LONG_AN_VINH_HUNG_DISTRICT,1 month,2025,0,0,0,0,0,10.1362,8,NA,51569
2025-10-01,2025-12-01,ED_LONG_AN_VINH_HUNG_DISTRICT,2 months,2025,0,0,0,0,0,8.5877,7,NA,51569
2025-10-01,2026-01-01,ED_LONG_AN_VINH_HUNG_DISTRICT,3 months,2026,0,0,0,0,0,6.5353,5,NA,51569
2025-10-01,2025-11-01,ED_SOC_TRANG_CU_LAO_DUNG_DISTRICT,1 month,2025,1,1,1,1,1,20.5835107405335,18,NA,57307
2025-10-01,2025-12-01,ED_SOC_TRANG_CU_LAO_DUNG_DISTRICT,2 months,2025,1,1,1,1,1,16.3876501140801,13.5152088543723,NA,57307
2025-10-01,2026-01-01,ED_SOC_TRANG_CU_LAO_DUNG_DISTRICT,3 months,2026,1,1,1,1,1,12.2439945247027,10,NA,57307
2025-10-01,2025-11-01,ED_SOC_TRANG_KE_SACH_DISTRICT,1 month,2025,1,1,1,1,1,45.5048735215593,40,NA,147148
2025-10-01,2025-12-01,ED_SOC_TRANG_KE_SACH_DISTRICT,2 months,2025,1,1,1,1,1,35.6673143350725,28.6224283246375,NA,147148
2025-10-01,2026-01-01,ED_SOC_TRANG_KE_SACH_DISTRICT,3 months,2026,0,0,0,0,0,28.6857285008812,21,NA,147148
2025-10-01,2025-11-01,ED_SOC_TRANG_LONG_PHU_DISTRICT,1 month,2025,0,0,0,0,0,95.8686654334412,86,NA,352780
2025-10-01,2025-12-01,ED_SOC_TRANG_LONG_PHU_DISTRICT,2 months,2025,0,1,0,0,0,77.0573362954304,63,NA,352780
2025-10-01,2026-01-01,ED_SOC_TRANG_LONG_PHU_DISTRICT,3 months,2026,0,0,0,0,0,59.0024552260309,47.9490037241417,NA,352780
2025-10-01,2025-11-01,ED_SOC_TRANG_MY_TU_DISTRICT,1 month,2025,0,1,0,0,0,46.2423676138103,41.3465615964624,NA,182328
2025-10-01,2025-12-01,ED_SOC_TRANG_MY_TU_DISTRICT,2 months,2025,0,0,0,0,0,36.2921109666081,29,NA,182328
2025-10-01,2026-01-01,ED_SOC_TRANG_MY_TU_DISTRICT,3 months,2026,0,0,0,0,0,29.8065641136119,23,NA,182328
2025-10-01,2025-11-01,ED_SOC_TRANG_NGA_NAM_TOWN,1 month,2025,1,1,1,1,1,16.687,14,NA,74820
2025-10-01,2025-12-01,ED_SOC_TRANG_NGA_NAM_TOWN,2 months,2025,0,0,0,0,0,13.2878,11,NA,74820
2025-10-01,2026-01-01,ED_SOC_TRANG_NGA_NAM_TOWN,3 months,2026,0,0,0,0,0,10.4031,8,NA,74820
2025-10-01,2025-11-01,ED_SOC_TRANG_SOC_TRANG_CITY,1 month,2025,1,1,1,1,1,39.2564,36,NA,144134
2025-10-01,2025-12-01,ED_SOC_TRANG_SOC_TRANG_CITY,2 months,2025,0,1,1,1,0,30.2216,25,NA,144134
2025-10-01,2026-01-01,ED_SOC_TRANG_SOC_TRANG_CITY,3 months,2026,0,0,0,0,0,25.7313,21,NA,144134
2025-10-01,2025-11-01,ED_SOC_TRANG_THANH_TRI_DISTRICT,1 month,2025,0,0,0,0,0,10.311,9,NA,58395
2025-10-01,2025-12-01,ED_SOC_TRANG_THANH_TRI_DISTRICT,2 months,2025,0,0,0,0,0,8.5256,7,NA,58395
2025-10-01,2026-01-01,ED_SOC_TRANG_THANH_TRI_DISTRICT,3 months,2026,0,0,0,0,0,7.0472,5,NA,58395
2025-10-01,2025-11-01,ED_SOC_TRANG_VINH_CHAU_TOWN,1 month,2025,0,0,0,0,0,16.1066,14,NA,166809
2025-10-01,2025-12-01,ED_SOC_TRANG_VINH_CHAU_TOWN,2 months,2025,0,0,0,0,0,12.4693,10,NA,166809
2025-10-01,2026-01-01,ED_SOC_TRANG_VINH_CHAU_TOWN,3 months,2026,0,0,0,0,0,10.5293,8,NA,166809
2025-10-01,2025-11-01,ED_TIEN_GIANG_CAI_BE_DISTRICT,1 month,2025,0,0,0,0,0,98.877,87,NA,297054
2025-10-01,2025-12-01,ED_TIEN_GIANG_CAI_BE_DISTRICT,2 months,2025,0,0,0,0,0,70.2423,55,NA,297054
2025-10-01,2026-01-01,ED_TIEN_GIANG_CAI_BE_DISTRICT,3 months,2026,0,0,0,0,0,59.9314,48,NA,297054
2025-10-01,2025-11-01,ED_TIEN_GIANG_CAI_LAY_DISTRICT,1 month,2025,0,0,0,0,0,70.6351,57,NA,323346
2025-10-01,2025-12-01,ED_TIEN_GIANG_CAI_LAY_DISTRICT,2 months,2025,0,0,0,0,0,60.6058,44,NA,323346
2025-10-01,2026-01-01,ED_TIEN_GIANG_CAI_LAY_DISTRICT,3 months,2026,0,0,0,0,0,51.9094,37,NA,323346
2025-10-01,2025-11-01,ED_TIEN_GIANG_CHAU_THANH_DISTRICT,1 month,2025,0,1,0,0,0,103.926621982596,77,NA,267831
2025-10-01,2025-12-01,ED_TIEN_GIANG_CHAU_THANH_DISTRICT,2 months,2025,0,1,0,0,0,72.6893984676504,48,NA,267831
2025-10-01,2026-01-01,ED_TIEN_GIANG_CHAU_THANH_DISTRICT,3 months,2026,0,1,0,0,0,63.0406613838441,45,NA,267831
2025-10-01,2025-11-01,ED_TIEN_GIANG_CHO_GAO_DISTRICT,1 month,2025,1,1,1,1,1,110.442100789677,101,NA,190296
2025-10-01,2025-12-01,ED_TIEN_GIANG_CHO_GAO_DISTRICT,2 months,2025,1,1,1,1,1,75.2495921099499,64,NA,190296
2025-10-01,2026-01-01,ED_TIEN_GIANG_CHO_GAO_DISTRICT,3 months,2026,0,1,0,0,0,59.3857786417554,49.0250344433617,NA,190296
2025-10-01,2025-11-01,ED_TIEN_GIANG_GO_CONG_DONG_DISTRICT,1 month,2025,0,1,1,1,0,171.236720741545,155,NA,312438
2025-10-01,2025-12-01,ED_TIEN_GIANG_GO_CONG_DONG_DISTRICT,2 months,2025,1,1,1,1,1,122.466363359171,103,NA,312438
2025-10-01,2026-01-01,ED_TIEN_GIANG_GO_CONG_DONG_DISTRICT,3 months,2026,0,1,0,0,0,89.5693951982227,71,NA,312438
2025-10-01,2025-11-01,ED_TIEN_GIANG_GO_CONG_TOWN,1 month,2025,1,1,1,1,1,63.3827523623887,56,NA,101275
2025-10-01,2025-12-01,ED_TIEN_GIANG_GO_CONG_TOWN,2 months,2025,1,1,1,1,1,47.286914107759,38,NA,101275
2025-10-01,2026-01-01,ED_TIEN_GIANG_GO_CONG_TOWN,3 months,2026,1,1,1,1,1,35.1650655813313,26,NA,101275
2025-10-01,2025-11-01,ED_TIEN_GIANG_MY_THO_CITY,1 month,2025,0,0,0,0,0,79.2138,70,NA,231911
2025-10-01,2025-12-01,ED_TIEN_GIANG_MY_THO_CITY,2 months,2025,0,0,0,0,0,62.8506,52,NA,231911
2025-10-01,2026-01-01,ED_TIEN_GIANG_MY_THO_CITY,3 months,2026,0,0,0,0,0,50.1499,40,NA,231911
2025-10-01,2025-11-01,ED_TIEN_GIANG_TAN_PHUOC_DISTRICT,1 month,2025,1,1,1,1,1,22.4566,20.5,NA,66502
2025-10-01,2025-12-01,ED_TIEN_GIANG_TAN_PHUOC_DISTRICT,2 months,2025,1,1,1,1,1,16.6519,14,NA,66502
2025-10-01,2026-01-01,ED_TIEN_GIANG_TAN_PHUOC_DISTRICT,3 months,2026,0,0,0,0,0,13.0008,10,NA,66502
2025-10-01,2025-11-01,ED_TRA_VINH_CANG_LONG_DISTRICT,1 month,2025,0,0,0,0,0,43.4560797512361,39,NA,148908
2025-10-01,2025-12-01,ED_TRA_VINH_CANG_LONG_DISTRICT,2 months,2025,0,0,0,0,0,29.0147112561805,24.4460367737948,NA,148908
2025-10-01,2026-01-01,ED_TRA_VINH_CANG_LONG_DISTRICT,3 months,2026,0,0,0,0,0,22.0263300486712,18,NA,148908
2025-10-01,2025-11-01,ED_TRA_VINH_CAU_KE_DISTRICT,1 month,2025,1,1,1,1,1,24.8813583249532,22,NA,103552
2025-10-01,2025-12-01,ED_TRA_VINH_CAU_KE_DISTRICT,2 months,2025,0,0,0,0,0,17.8438404290631,15,NA,103552
2025-10-01,2026-01-01,ED_TRA_VINH_CAU_KE_DISTRICT,3 months,2026,0,0,0,0,0,13.7045164267085,11,NA,103552
2025-10-01,2025-11-01,ED_TRA_VINH_CAU_NGANG_DISTRICT,1 month,2025,0,0,0,0,0,20.6450579659924,14,NA,122313
2025-10-01,2025-12-01,ED_TRA_VINH_CAU_NGANG_DISTRICT,2 months,2025,0,0,0,0,0,15.4698996454186,10,NA,122313
2025-10-01,2026-01-01,ED_TRA_VINH_CAU_NGANG_DISTRICT,3 months,2026,0,0,0,0,0,12.3139795511322,8,NA,122313
2025-10-01,2025-11-01,ED_TRA_VINH_CHAU_THANH_DISTRICT,1 month,2025,1,1,1,1,1,63.6116,57,NA,145270
2025-10-01,2025-12-01,ED_TRA_VINH_CHAU_THANH_DISTRICT,2 months,2025,0,1,1,1,0,42.4937,33,NA,145270
2025-10-01,2026-01-01,ED_TRA_VINH_CHAU_THANH_DISTRICT,3 months,2026,0,1,0,0,0,31.5505,24,NA,145270
2025-10-01,2025-11-01,ED_TRA_VINH_TIEU_CAN_DISTRICT,1 month,2025,1,1,1,1,1,28.6524803970619,25,NA,108914
2025-10-01,2025-12-01,ED_TRA_VINH_TIEU_CAN_DISTRICT,2 months,2025,0,0,0,0,0,21.0211332796763,16.7817573397722,NA,108914
2025-10-01,2026-01-01,ED_TRA_VINH_TIEU_CAN_DISTRICT,3 months,2026,0,0,0,0,0,16.6756215396663,13,NA,108914
2025-10-01,2025-11-01,ED_TRA_VINH_TRA_CU_DISTRICT,1 month,2025,0,0,0,0,0,48.9950185540885,37,NA,275826
2025-10-01,2025-12-01,ED_TRA_VINH_TRA_CU_DISTRICT,2 months,2025,0,0,0,0,0,37.463592884294,27,NA,275826
2025-10-01,2026-01-01,ED_TRA_VINH_TRA_CU_DISTRICT,3 months,2026,0,0,0,0,0,28.6471921222249,20,NA,275826
2025-10-01,2025-11-01,ED_TRA_VINH_TRA_VINH_CITY,1 month,2025,1,1,1,1,1,60.0419,53,NA,115099
2025-10-01,2025-12-01,ED_TRA_VINH_TRA_VINH_CITY,2 months,2025,1,1,1,1,1,40.3252,33,NA,115099
2025-10-01,2026-01-01,ED_TRA_VINH_TRA_VINH_CITY,3 months,2026,0,1,1,1,0,29.3463,23,NA,115099
2025-10-01,2025-11-01,ED_VINH_LONG_BINH_MINH_TOWN,1 month,2025,0,0,0,0,0,59.4048,52,NA,192379
2025-10-01,2025-12-01,ED_VINH_LONG_BINH_MINH_TOWN,2 months,2025,0,0,0,0,0,47.8864,39,NA,192379
2025-10-01,2026-01-01,ED_VINH_LONG_BINH_MINH_TOWN,3 months,2026,0,0,0,0,0,39.7977,29,NA,192379
2025-10-01,2025-11-01,ED_VINH_LONG_LONG_HO_DISTRICT,1 month,2025,0,0,0,0,0,64.2312,58,NA,168493
2025-10-01,2025-12-01,ED_VINH_LONG_LONG_HO_DISTRICT,2 months,2025,0,0,0,0,0,44.3832,37,NA,168493
2025-10-01,2026-01-01,ED_VINH_LONG_LONG_HO_DISTRICT,3 months,2026,0,0,0,0,0,34.0818,27,NA,168493
2025-10-01,2025-11-01,ED_VINH_LONG_MANG_THIT_DISTRICT,1 month,2025,1,1,1,1,1,38.9859,36,NA,96496
2025-10-01,2025-12-01,ED_VINH_LONG_MANG_THIT_DISTRICT,2 months,2025,1,1,1,1,1,29.7567,25,NA,96496
2025-10-01,2026-01-01,ED_VINH_LONG_MANG_THIT_DISTRICT,3 months,2026,0,1,1,1,0,21.3205,17,NA,96496
2025-10-01,2025-11-01,ED_VINH_LONG_TAM_BINH_DISTRICT,1 month,2025,0,0,0,0,0,25.3548,21,NA,152446
2025-10-01,2025-12-01,ED_VINH_LONG_TAM_BINH_DISTRICT,2 months,2025,0,0,0,0,0,20.5387,17,NA,152446
2025-10-01,2026-01-01,ED_VINH_LONG_TAM_BINH_DISTRICT,3 months,2026,0,0,0,0,0,16.1651,12,NA,152446
2025-10-01,2025-11-01,ED_VINH_LONG_TRA_ON_DISTRICT,1 month,2025,0,1,1,1,0,35.4907,32,NA,130208
2025-10-01,2025-12-01,ED_VINH_LONG_TRA_ON_DISTRICT,2 months,2025,0,0,0,0,0,25.7962,22,NA,130208
2025-10-01,2026-01-01,ED_VINH_LONG_TRA_ON_DISTRICT,3 months,2026,0,0,0,0,0,20.023,16,NA,130208
2025-10-01,2025-11-01,ED_VINH_LONG_VINH_LONG_CITY,1 month,2025,0,0,0,0,0,55.6683,50.5,NA,139810
2025-10-01,2025-12-01,ED_VINH_LONG_VINH_LONG_CITY,2 months,2025,0,0,0,0,0,39.4014,33,NA,139810
2025-10-01,2026-01-01,ED_VINH_LONG_VINH_LONG_CITY,3 months,2026,0,0,0,0,0,30.6278,24,NA,139810
2025-10-01,2025-11-01,ED_VINH_LONG_VUNG_LIEM_DISTRICT,1 month,2025,1,1,1,1,1,50.3945,45,NA,149798
2025-10-01,2025-12-01,ED_VINH_LONG_VUNG_LIEM_DISTRICT,2 months,2025,0,1,1,1,0,34.6789,28,NA,149798
2025-10-01,2026-01-01,ED_VINH_LONG_VUNG_LIEM_DISTRICT,3 months,2026,0,0,0,0,0,26.2942,21,NA,149798
