district_name,grp
ED_AN_GIANG_AN_PHU_DISTRICT,7
ED_AN_GIANG_CHAU_DOC_CITY,3
ED_AN_GIANG_CHAU_PHU_DISTRICT,3
ED_AN_GIANG_CHAU_THANH_DISTRICT,3
ED_AN_GIANG_CHO_MOI_DISTRICT,0
ED_AN_GIANG_LONG_XUYEN_CITY,0
ED_AN_GIANG_PHU_TAN_DISTRICT,3
ED_AN_GIANG_TAN_CHAU_TOWN,3
ED_AN_GIANG_THOAI_SON_DISTRICT,7
ED_AN_GIANG_TINH_BIEN_DISTRICT,3
ED_AN_GIANG_TRI_TON_DISTRICT,7
ED_BAC_LIEU_BAC_LIEU_CITY,7
ED_BAC_LIEU_DONG_HAI_DISTRICT,4
ED_BAC_LIEU_GIA_RAI_TOWN,4
ED_BAC_LIEU_HONG_DAN_DISTRICT,7
ED_BAC_LIEU_PHUOC_LONG_DISTRICT,7
ED_BAC_LIEU_VINH_LOI_DISTRICT,7
ED_BEN_TRE_BA_TRI_DISTRICT,6
ED_BEN_TRE_BEN_TRE_CITY,6
ED_BEN_TRE_BINH_DAI_DISTRICT,6
ED_BEN_TRE_CHAU_THANH_DISTRICT,6
ED_BEN_TRE_CHO_LACH_DISTRICT,1
ED_BEN_TRE_GIONG_TROM_DISTRICT,6
ED_BEN_TRE_MO_CAY_DISTRICT,7
ED_BEN_TRE_THANH_PHU_DISTRICT,7
ED_CAN_THO_BINH_THUY_URBAN_DISTRICT,7
ED_CAN_THO_CAI_RANG_URBAN_DISTRICT,7
ED_CAN_THO_CO_DO_DISTRICT,5
ED_CAN_THO_NINH_KIEU_URBAN_DISTRICT,7
ED_CAN_THO_O_MON_URBAN_DISTRICT,7
ED_CAN_THO_PHONG_DIEN_DISTRICT,7
ED_CAN_THO_THOT_NOT_URBAN_DISTRICT,7
ED_CAN_THO_VINH_THANH_DISTRICT,7
ED_CA_MAU_CAI_NUOC_DISTRICT,4
ED_CA_MAU_CA_MAU_CITY,4
ED_CA_MAU_DAM_DOI_DISTRICT,4
ED_CA_MAU_NAM_CAN_DISTRICT,4
ED_CA_MAU_NGOC_HIEN_DISTRICT,7
ED_CA_MAU_PHU_TAN_DISTRICT,4
ED_CA_MAU_THOI_BINH_DISTRICT,4
ED_CA_MAU_TRAN_VAN_THOI_DISTRICT,4
ED_CA_MAU_U_MINH_DISTRICT,7
ED_DONG_THAP_CAO_LANH_CITY,0
ED_DONG_THAP_CAO_LANH_DISTRICT,0
ED_DONG_THAP_CHAU_THANH_DISTRICT,7
ED_DONG_THAP_HONG_NGU_DISTRICT,7
ED_DONG_THAP_LAI_VUNG_DISTRICT,7
ED_DONG_THAP_LAP_VO_DISTRICT,0
ED_DONG_THAP_SA_DEC_CITY,0
ED_DONG_THAP_TAM_NONG_DISTRICT,7
ED_DONG_THAP_TAN_HONG_DISTRICT,7
ED_DONG_THAP_THANH_BINH_DISTRICT,0
ED_DONG_THAP_THAP_MUOI_DISTRICT,7
ED_HAU_GIANG_CHAU_THANH_A_DISTRICT,5
ED_HAU_GIANG_CHAU_THANH_DISTRICT,7
ED_HAU_GIANG_LONG_MY_DISTRICT,7
ED_HAU_GIANG_NGA_BAY_CITY,7
ED_HAU_GIANG_VI_THANH_CITY,5
ED_HAU_GIANG_VI_THUY_DISTRICT,5
ED_KIEN_GIANG_AN_MINH_DISTRICT,7
ED_KIEN_GIANG_CHAU_THANH_DISTRICT,5
ED_KIEN_GIANG_GIONG_RIENG_DISTRICT,5
ED_KIEN_GIANG_GO_QUAO_DISTRICT,5
ED_KIEN_GIANG_HA_TIEN_CITY,7
ED_KIEN_GIANG_HON_DAT_DISTRICT,7
ED_KIEN_GIANG_KIEN_HAI_DISTRICT,7
ED_KIEN_GIANG_KIEN_LUONG_DISTRICT,7
ED_KIEN_GIANG_PHU_QUOC_CITY,7
ED_KIEN_GIANG_RACH_GIA_CITY,7
ED_KIEN_GIANG_TAN_HIEP_DISTRICT,5
ED_LONG_AN_BEN_LUC_DISTRICT,2
ED_LONG_AN_CAN_DUOC_DISTRICT,2
ED_LONG_AN_CAN_GIUOC_DISTRICT,2
ED_LONG_AN_CHAU_THANH_DISTRICT,2
ED_LONG_AN_DUC_HOA_DISTRICT,7
ED_LONG_AN_DUC_HUE_DISTRICT,7
ED_LONG_AN_MOC_HOA_TOWN,7
ED_LONG_AN_TAN_AN_CITY,2
ED_LONG_AN_TAN_HUNG_DISTRICT,7
ED_LONG_AN_TAN_THANH_DISTRICT,7
ED_LONG_AN_TAN_TRU_DISTRICT,2
ED_LONG_AN_THANH_HOA_DISTRICT,7
ED_LONG_AN_THU_THUA_DISTRICT,2
ED_LONG_AN_VINH_HUNG_DISTRICT,7
ED_SOC_TRANG_CU_LAO_DUNG_DISTRICT,7
ED_SOC_TRANG_KE_SACH_DISTRICT,7
ED_SOC_TRANG_LONG_PHU_DISTRICT,7
ED_SOC_TRANG_MY_TU_DISTRICT,7
ED_SOC_TRANG_NGA_NAM_TOWN,7
ED_SOC_TRANG_SOC_TRANG_CITY,7
ED_SOC_TRANG_THANH_TRI_DISTRICT,7
ED_SOC_TRANG_VINH_CHAU_TOWN,7
ED_TIEN_GIANG_CAI_BE_DISTRICT,7
ED_TIEN_GIANG_CAI_LAY_DISTRICT,7
ED_TIEN_GIANG_CHAU_THANH_DISTRICT,6
ED_TIEN_GIANG_CHO_GAO_DISTRICT,6
ED_TIEN_GIANG_GO_CONG_DONG_DISTRICT,2
ED_TIEN_GIANG_GO_CONG_TOWN,2
ED_TIEN_GIANG_MY_THO_CITY,6
ED_TIEN_GIANG_TAN_PHUOC_DISTRICT,7
ED_TRA_VINH_CANG_LONG_DISTRICT,7
ED_TRA_VINH_CAU_KE_DISTRICT,7
ED_TRA_VINH_CAU_NGANG_DISTRICT,7
ED_TRA_VINH_CHAU_THANH_DISTRICT,7
ED_TRA_VINH_TIEU_CAN_DISTRICT,7
ED_TRA_VINH_TRA_CU_DISTRICT,7
ED_TRA_VINH_TRA_VINH_CITY,7
ED_VINH_LONG_BINH_MINH_TOWN,7
ED_VINH_LONG_LONG_HO_DISTRICT,1
ED_VINH_LONG_MANG_THIT_DISTRICT,1
ED_VINH_LONG_TAM_BINH_DISTRICT,1
ED_VINH_LONG_TRA_ON_DISTRICT,1
ED_VINH_LONG_VINH_LONG_CITY,7
ED_VINH_LONG_VUNG_LIEM_DISTRICT,1
